Non-Seven Major Felony Offenses,,,,,,,,,,,,,,,,,,,
,,,,,,,,,,,,,,,,,,,
PCT,CRIME,2000,2001,2002,2003,2004,2005,2006,2007,2008,2009,2010,2011,2012,2013,2014,2015,2016,2017
1,FELONY POSSESSION STOLEN PROPERTY            ,13,14,8,7,4,6,3,13,17,13,17,15,12,10,31,13,12,11
,FORGERY/THEFT-FRAUD/IDENTITY THEFT                ,119,97,89,141,250,152,136,161,213,211,197,169,183,111,142,138,169,177
,ARSON                                 ,16,7,4,7,6,6,9,5,6,9,5,3,3,3,9,1,1,2
,FELONY SEX CRIMES (3),8,4,5,11,2,9,7,5,4,7,7,13,12,14,7,13,13,23
,FELONY DANGEROUS DRUGS  (1),51,34,38,38,42,39,29,29,30,33,21,29,28,37,33,18,22,20
,FELONY DANGEROUS WEAPONS (2)        ,1,4,2,5,4,4,5,10,22,22,18,23,23,23,21,21,16,15
,FEL. CRIMINAL MISCHIEF & RELATED OFFENSES  ,162,333,247,82,94,81,60,51,41,40,44,78,74,66,61,68,59,62
,OTHER FELONIES (4),61,62,70,94,72,57,63,79,77,73,49,48,48,46,49,70,49,53
,TOTAL NON-SEVEN MAJOR FELONY OFFENSES,431,555,463,385,474,354,312,353,410,408,358,378,383,310,353,342,341,363
5,FELONY POSSESSION STOLEN PROPERTY            ,7,19,10,5,5,6,15,6,5,10,14,5,10,5,8,4,8,9
,FORGERY/THEFT-FRAUD/IDENTITY THEFT                ,78,82,117,189,183,207,236,222,137,159,155,85,99,80,69,72,91,71
,ARSON                                 ,20,19,6,11,7,10,1,4,15,13,6,6,12,13,10,8,7,2
,FELONY SEX CRIMES (3),9,10,1,4,14,7,4,5,6,6,7,8,8,8,14,15,16,18
,FELONY DANGEROUS DRUGS  (1),304,299,280,191,228,229,245,240,270,235,208,193,151,139,148,138,156,173
,FELONY DANGEROUS WEAPONS (2)        ,14,12,9,9,11,18,31,25,33,22,19,18,14,20,17,21,26,18
,FEL. CRIMINAL MISCHIEF & RELATED OFFENSES  ,77,118,87,54,51,66,87,75,97,54,59,55,59,46,54,58,42,60
,OTHER FELONIES (4),93,89,74,68,80,91,122,138,133,83,88,117,114,103,49,173,345,242
,TOTAL NON-SEVEN MAJOR FELONY OFFENSES,602,648,584,531,579,634,741,715,696,582,556,487,467,414,369,489,691,593
6,FELONY POSSESSION STOLEN PROPERTY            ,17,13,17,14,10,9,13,14,10,17,18,15,23,18,39,36,8,22
,FORGERY/THEFT-FRAUD/IDENTITY THEFT                ,78,61,39,90,148,115,109,102,91,70,93,81,105,125,105,132,107,111
,ARSON                                 ,5,8,7,1,4,3,3,3,5,0,2,4,2,2,0,0,1,2
,FELONY SEX CRIMES (3),0,11,11,7,6,8,7,7,8,7,4,8,10,7,4,12,22,10
,FELONY DANGEROUS DRUGS  (1),458,410,558,371,485,314,362,400,356,260,283,174,212,214,160,181,154,184
,FELONY DANGEROUS WEAPONS (2)        ,16,10,9,3,6,20,20,16,14,26,20,16,19,32,44,32,64,31
,FEL. CRIMINAL MISCHIEF & RELATED OFFENSES  ,149,123,142,82,101,124,125,114,98,119,96,94,84,102,65,80,79,95
,OTHER FELONIES (4),65,51,34,47,45,39,37,58,43,28,43,34,44,65,33,34,43,57
,TOTAL NON-SEVEN MAJOR FELONY OFFENSES,788,687,817,615,805,632,676,714,625,527,559,426,499,565,450,507,478,512
7,FELONY POSSESSION STOLEN PROPERTY            ,13,10,17,8,11,17,8,7,5,3,10,7,6,10,15,3,3,7
,FORGERY/THEFT-FRAUD/IDENTITY THEFT                ,10,36,28,66,129,115,104,87,58,82,55,56,52,62,58,64,69,65
,ARSON                                 ,23,19,11,7,7,9,3,13,11,7,12,10,9,10,29,17,6,10
,FELONY SEX CRIMES (3),6,8,4,8,8,9,9,6,3,6,7,8,8,9,7,11,13,14
,FELONY DANGEROUS DRUGS  (1),250,287,229,222,261,256,300,358,245,227,167,171,169,274,217,174,116,124
,FELONY DANGEROUS WEAPONS (2)        ,16,23,17,26,44,30,34,60,39,86,49,49,51,49,36,26,30,29
,FEL. CRIMINAL MISCHIEF & RELATED OFFENSES  ,43,90,63,51,27,31,37,41,33,33,44,57,44,38,41,60,79,92
,OTHER FELONIES (4),79,47,68,93,94,104,69,128,104,108,82,77,119,112,114,127,110,79
,TOTAL NON-SEVEN MAJOR FELONY OFFENSES,440,520,437,481,581,571,564,700,498,552,426,435,458,564,517,482,426,420
9,FELONY POSSESSION STOLEN PROPERTY            ,21,18,15,10,18,8,13,8,7,8,18,16,12,11,16,9,8,11
,FORGERY/THEFT-FRAUD/IDENTITY THEFT                ,79,88,77,90,151,186,182,171,162,136,129,120,110,110,107,115,103,108
,ARSON                                 ,36,21,11,3,10,10,8,4,6,7,10,12,14,9,17,14,10,3
,FELONY SEX CRIMES (3),12,16,28,17,11,16,11,11,9,12,10,10,9,17,11,11,22,8
,FELONY DANGEROUS DRUGS  (1),496,338,342,341,501,422,344,316,206,297,335,279,372,407,357,331,296,295
,FELONY DANGEROUS WEAPONS (2)        ,16,30,41,18,34,52,45,69,50,135,62,32,39,41,32,31,42,41
,FEL. CRIMINAL MISCHIEF & RELATED OFFENSES  ,168,169,110,88,60,56,79,49,52,68,64,60,58,57,36,22,39,36
,OTHER FELONIES (4),131,116,88,129,129,157,144,126,95,107,87,88,97,98,95,82,93,84
,TOTAL NON-SEVEN MAJOR FELONY OFFENSES,959,796,712,696,914,907,826,754,587,770,715,617,711,750,671,615,613,586
10,FELONY POSSESSION STOLEN PROPERTY            ,11,17,5,16,22,15,15,17,14,12,8,16,17,21,9,24,18,10
,FORGERY/THEFT-FRAUD/IDENTITY THEFT                ,35,22,31,64,145,177,156,122,150,108,117,114,125,89,104,98,89,90
,ARSON                                 ,16,11,11,5,7,7,6,5,7,10,9,3,5,11,9,11,6,1
,FELONY SEX CRIMES (3),7,9,7,4,6,6,13,7,6,3,9,5,5,8,12,9,16,17
,FELONY DANGEROUS DRUGS  (1),282,270,283,289,343,344,444,352,316,265,166,177,167,199,188,172,177,83
,FELONY DANGEROUS WEAPONS (2)        ,11,10,15,7,23,22,55,83,112,85,40,34,21,37,19,19,21,22
,FEL. CRIMINAL MISCHIEF & RELATED OFFENSES  ,82,85,82,39,37,63,52,65,64,64,67,42,41,63,43,41,43,62
,OTHER FELONIES (4),55,30,35,70,73,90,57,66,72,63,66,45,60,59,66,56,48,44
,TOTAL NON-SEVEN MAJOR FELONY OFFENSES,499,454,469,494,656,724,798,717,741,610,482,436,441,487,450,430,418,329
13,FELONY POSSESSION STOLEN PROPERTY            ,17,19,21,23,12,15,8,21,25,28,16,22,15,24,34,16,17,10
,FORGERY/THEFT-FRAUD/IDENTITY THEFT                ,99,96,101,200,370,393,358,298,271,236,238,220,163,165,128,176,181,183
,ARSON                                 ,27,14,10,4,7,4,6,5,7,7,4,4,7,10,10,7,9,4
,FELONY SEX CRIMES (3),5,8,19,15,10,12,5,6,7,10,16,31,46,35,37,35,35,29
,FELONY DANGEROUS DRUGS  (1),235,145,224,128,222,236,210,132,160,160,186,203,259,234,174,146,111,84
,FELONY DANGEROUS WEAPONS (2)        ,9,8,10,10,10,21,43,67,83,66,43,32,22,28,33,47,38,34
,FEL. CRIMINAL MISCHIEF & RELATED OFFENSES  ,158,159,222,81,83,87,101,78,81,97,78,46,45,48,56,70,84,84
,OTHER FELONIES (4),63,51,60,96,64,68,111,104,58,65,81,72,56,80,60,79,60,64
,TOTAL NON-SEVEN MAJOR FELONY OFFENSES,613,500,667,557,778,836,842,711,692,669,662,630,613,624,532,576,535,492
14,FELONY POSSESSION STOLEN PROPERTY            ,71,74,65,27,30,57,68,51,52,31,65,33,28,31,41,22,49,29
,FORGERY/THEFT-FRAUD/IDENTITY THEFT                ,361,299,210,387,543,644,673,440,329,289,374,275,273,295,331,301,266,296
,ARSON                                 ,11,11,9,4,5,6,3,12,6,1,2,1,2,0,3,1,2,4
,FELONY SEX CRIMES (3),14,14,9,11,12,11,12,7,3,7,30,16,34,23,36,41,40,51
,FELONY DANGEROUS DRUGS  (1),740,454,711,440,413,379,334,342,270,195,180,197,271,331,384,394,488,444
,FELONY DANGEROUS WEAPONS (2)        ,21,20,28,17,9,26,63,81,109,67,74,46,23,44,61,56,52,65
,FEL. CRIMINAL MISCHIEF & RELATED OFFENSES  ,208,162,250,84,122,123,119,95,112,124,102,124,144,167,132,136,101,164
,OTHER FELONIES (4),112,130,128,187,137,110,140,126,142,111,118,119,118,113,120,85,108,92
,TOTAL NON-SEVEN MAJOR FELONY OFFENSES,1538,1164,1410,1157,1271,1356,1412,1154,1023,825,945,811,893,1004,1108,1036,1106,1145
17,FELONY POSSESSION STOLEN PROPERTY            ,15,4,9,8,4,4,7,7,6,2,1,5,3,3,5,1,4,2
,FORGERY/THEFT-FRAUD/IDENTITY THEFT                ,53,31,31,70,111,123,150,100,144,120,122,115,76,104,96,124,108,113
,ARSON                                 ,6,3,6,0,1,3,0,3,2,2,2,1,2,2,2,0,1,1
,FELONY SEX CRIMES (3),1,6,3,5,5,7,4,2,3,4,4,9,10,9,25,10,13,14
,FELONY DANGEROUS DRUGS  (1),41,15,46,28,63,47,25,21,25,25,26,20,36,20,19,22,7,20
,FELONY DANGEROUS WEAPONS (2)        ,2,0,6,1,1,5,2,8,7,6,8,3,3,2,9,9,3,4
,FEL. CRIMINAL MISCHIEF & RELATED OFFENSES  ,84,113,129,51,71,82,70,48,63,58,38,38,31,38,42,70,58,75
,OTHER FELONIES (4),37,38,45,120,73,54,58,81,32,42,52,28,44,37,26,34,28,39
,TOTAL NON-SEVEN MAJOR FELONY OFFENSES,239,210,275,283,329,325,316,270,282,259,253,219,205,215,224,270,222,268
18,FELONY POSSESSION STOLEN PROPERTY            ,27,26,13,19,10,16,24,13,14,16,16,9,14,16,24,14,9,21
,FORGERY/THEFT-FRAUD/IDENTITY THEFT                ,142,143,111,154,138,180,171,190,229,207,214,180,229,241,227,212,205,189
,ARSON                                 ,15,13,6,3,4,6,10,1,10,10,4,7,3,6,1,10,3,1
,FELONY SEX CRIMES (3),18,12,18,23,10,8,13,10,11,6,17,23,14,19,20,22,35,37
,FELONY DANGEROUS DRUGS  (1),287,283,191,106,203,109,137,177,206,193,143,127,125,97,114,101,84,92
,FELONY DANGEROUS WEAPONS (2)        ,13,13,16,14,18,14,23,20,26,25,18,10,17,16,23,10,9,20
,FEL. CRIMINAL MISCHIEF & RELATED OFFENSES  ,242,254,192,127,111,106,108,61,68,85,98,75,76,80,85,70,95,105
,OTHER FELONIES (4),120,100,97,118,55,76,36,63,72,80,64,62,74,58,80,86,76,74
,TOTAL NON-SEVEN MAJOR FELONY OFFENSES,864,844,644,564,549,515,522,535,636,622,574,493,552,533,574,525,516,539
19,FELONY POSSESSION STOLEN PROPERTY            ,14,12,15,6,32,16,19,6,4,8,14,6,11,13,4,10,10,3
,FORGERY/THEFT-FRAUD/IDENTITY THEFT                ,94,83,94,247,433,339,391,339,287,207,235,256,237,269,210,275,285,309
,ARSON                                 ,21,16,10,8,7,9,7,15,23,18,6,8,14,21,3,8,13,3
,FELONY SEX CRIMES (3),5,10,11,6,7,9,7,10,12,9,10,14,16,15,14,17,20,29
,FELONY DANGEROUS DRUGS  (1),57,45,33,37,44,39,57,61,44,56,44,47,37,23,15,16,21,20
,FELONY DANGEROUS WEAPONS (2)        ,6,3,1,7,7,6,15,22,10,22,10,13,12,11,4,8,13,8
,FEL. CRIMINAL MISCHIEF & RELATED OFFENSES  ,170,127,126,104,101,86,112,104,54,79,44,37,56,60,97,95,88,63
,OTHER FELONIES (4),96,84,92,102,92,115,102,87,84,62,79,66,63,61,59,53,66,66
,TOTAL NON-SEVEN MAJOR FELONY OFFENSES,463,380,382,517,723,619,710,644,518,461,442,447,446,473,406,482,516,501
20,FELONY POSSESSION STOLEN PROPERTY            ,8,14,5,9,10,9,9,15,11,10,9,5,5,6,8,14,4,5
,FORGERY/THEFT-FRAUD/IDENTITY THEFT                ,26,23,46,87,153,189,162,171,174,149,155,166,154,133,129,117,90,139
,ARSON                                 ,11,9,10,3,6,11,5,3,6,7,6,1,2,4,1,2,1,1
,FELONY SEX CRIMES (3),3,8,4,5,4,9,3,3,7,8,9,7,10,8,10,6,18,15
,FELONY DANGEROUS DRUGS  (1),63,96,74,97,85,59,48,65,59,64,63,23,17,8,16,23,19,19
,FELONY DANGEROUS WEAPONS (2)        ,7,10,5,3,2,7,11,7,20,18,22,15,8,2,6,9,13,10
,FEL. CRIMINAL MISCHIEF & RELATED OFFENSES  ,132,123,91,59,74,44,39,37,45,30,35,17,23,19,17,24,40,38
,OTHER FELONIES (4),52,57,60,53,59,58,47,43,40,39,41,34,38,27,45,51,48,45
,TOTAL NON-SEVEN MAJOR FELONY OFFENSES,302,340,295,316,393,386,324,344,362,325,340,268,257,207,232,246,233,272
22,FELONY POSSESSION STOLEN PROPERTY            ,3,0,0,0,1,1,0,1,2,0,3,0,1,0,0,0,0,0
,FORGERY/THEFT-FRAUD/IDENTITY THEFT                ,1,4,1,1,1,4,3,1,7,5,5,3,2,5,1,7,2,0
,ARSON                                 ,0,0,0,0,0,0,0,0,0,0,1,0,0,0,0,0,0,0
,FELONY SEX CRIMES (3),41,2,5,2,1,4,0,1,0,1,2,2,2,2,0,4,0,2
,FELONY DANGEROUS DRUGS  (1),6,4,6,2,5,15,2,4,5,2,4,5,3,4,1,6,0,0
,FELONY DANGEROUS WEAPONS (2)        ,3,0,0,0,0,4,3,0,1,3,3,1,0,2,3,1,1,1
,FEL. CRIMINAL MISCHIEF & RELATED OFFENSES  ,8,7,10,6,1,5,0,0,2,2,3,2,2,0,4,4,1,2
,OTHER FELONIES (4),6,4,4,2,7,4,3,4,1,7,4,4,7,5,2,5,2,5
,TOTAL NON-SEVEN MAJOR FELONY OFFENSES,68,21,26,13,16,37,11,11,18,20,25,17,17,18,11,27,6,10
23,FELONY POSSESSION STOLEN PROPERTY            ,30,22,26,18,21,16,19,8,14,9,8,8,7,5,33,26,8,8
,FORGERY/THEFT-FRAUD/IDENTITY THEFT                ,130,64,68,93,152,157,138,134,187,99,95,137,81,75,91,92,129,110
,ARSON                                 ,63,60,29,22,38,40,41,21,43,30,36,24,25,32,38,46,25,22
,FELONY SEX CRIMES (3),27,28,31,27,27,31,20,17,23,16,16,20,16,11,7,20,30,20
,FELONY DANGEROUS DRUGS  (1),1005,909,973,714,643,573,562,552,494,378,380,341,343,258,256,262,223,222
,FELONY DANGEROUS WEAPONS (2)        ,36,38,39,43,54,98,87,109,130,133,132,80,62,72,44,105,133,111
,FEL. CRIMINAL MISCHIEF & RELATED OFFENSES  ,169,137,144,77,63,52,49,68,45,45,29,34,46,46,71,106,100,148
,OTHER FELONIES (4),236,208,209,204,196,203,205,219,233,218,197,193,174,176,185,183,196,142
,TOTAL NON-SEVEN MAJOR FELONY OFFENSES,1696,1466,1519,1198,1194,1170,1121,1128,1169,928,893,837,754,675,725,840,844,783
24,FELONY POSSESSION STOLEN PROPERTY            ,10,15,17,9,12,15,14,34,20,14,4,9,8,8,8,4,5,10
,FORGERY/THEFT-FRAUD/IDENTITY THEFT                ,46,31,37,68,134,193,217,160,167,101,89,157,156,151,162,139,189,193
,ARSON                                 ,18,30,6,15,18,14,10,7,13,11,6,16,5,10,13,6,5,7
,FELONY SEX CRIMES (3),13,21,8,8,20,10,13,10,7,12,9,4,11,5,10,20,14,20
,FELONY DANGEROUS DRUGS  (1),363,248,326,346,295,348,300,316,205,179,129,116,147,145,99,77,53,56
,FELONY DANGEROUS WEAPONS (2)        ,7,7,11,9,15,11,27,21,19,29,10,15,25,14,12,22,13,20
,FEL. CRIMINAL MISCHIEF & RELATED OFFENSES  ,72,167,194,59,59,47,44,32,49,35,29,32,26,62,35,54,59,86
,OTHER FELONIES (4),90,91,73,94,108,83,97,87,96,112,101,91,82,90,84,73,57,56
,TOTAL NON-SEVEN MAJOR FELONY OFFENSES,619,610,672,608,661,721,722,667,576,493,377,440,460,485,423,395,395,448
25,FELONY POSSESSION STOLEN PROPERTY            ,45,52,52,32,25,18,22,24,26,25,23,12,7,4,21,30,9,17
,FORGERY/THEFT-FRAUD/IDENTITY THEFT                ,134,114,105,93,242,247,215,251,206,137,153,100,94,124,121,156,152,168
,ARSON                                 ,34,24,27,13,21,26,13,21,15,19,18,7,17,10,10,12,6,11
,FELONY SEX CRIMES (3),20,25,16,25,16,22,21,14,10,15,16,17,19,23,21,28,26,31
,FELONY DANGEROUS DRUGS  (1),977,749,836,982,799,698,715,790,759,635,734,708,715,875,733,545,519,383
,FELONY DANGEROUS WEAPONS (2)        ,36,27,29,42,59,67,87,154,214,173,184,137,78,77,75,104,127,135
,FEL. CRIMINAL MISCHIEF & RELATED OFFENSES  ,47,159,168,63,50,44,69,45,67,79,34,36,46,54,89,133,101,120
,OTHER FELONIES (4),171,176,137,141,177,191,148,163,156,165,150,149,159,164,151,172,143,177
,TOTAL NON-SEVEN MAJOR FELONY OFFENSES,1464,1326,1370,1391,1389,1313,1290,1462,1453,1248,1312,1166,1135,1331,1221,1180,1083,1042
26,FELONY POSSESSION STOLEN PROPERTY            ,32,28,32,20,11,19,23,5,8,9,10,3,5,9,8,8,4,3
,FORGERY/THEFT-FRAUD/IDENTITY THEFT                ,45,56,60,71,104,121,131,105,128,91,65,54,56,67,93,75,106,85
,ARSON                                 ,29,11,8,7,7,13,10,9,8,5,16,13,10,13,13,14,9,6
,FELONY SEX CRIMES (3),16,5,12,13,15,8,7,6,3,3,1,13,8,8,13,11,8,11
,FELONY DANGEROUS DRUGS  (1),277,195,208,229,227,197,93,83,146,138,164,99,113,124,49,86,66,43
,FELONY DANGEROUS WEAPONS (2)        ,42,27,39,25,46,34,40,31,39,32,27,24,33,36,21,33,36,29
,FEL. CRIMINAL MISCHIEF & RELATED OFFENSES  ,60,63,56,46,37,25,39,23,17,24,20,14,19,16,25,21,58,32
,OTHER FELONIES (4),184,167,153,131,112,109,90,102,97,77,76,63,75,69,67,58,47,47
,TOTAL NON-SEVEN MAJOR FELONY OFFENSES,685,552,568,542,559,526,433,364,446,379,379,283,319,342,289,306,334,256
28,FELONY POSSESSION STOLEN PROPERTY            ,25,33,35,14,13,21,20,18,13,17,12,8,6,5,15,8,5,9
,FORGERY/THEFT-FRAUD/IDENTITY THEFT                ,114,80,102,153,157,218,149,145,193,136,85,82,96,71,109,113,162,173
,ARSON                                 ,28,22,13,11,11,9,14,12,12,4,13,6,15,5,3,4,5,4
,FELONY SEX CRIMES (3),7,19,17,12,12,21,15,8,12,11,9,4,14,11,15,11,10,18
,FELONY DANGEROUS DRUGS  (1),806,666,805,811,809,757,643,697,819,697,702,476,413,505,412,261,392,268
,FELONY DANGEROUS WEAPONS (2)        ,21,25,28,38,40,50,55,88,81,101,64,60,54,40,41,49,56,37
,FEL. CRIMINAL MISCHIEF & RELATED OFFENSES  ,42,66,103,45,30,34,24,26,17,15,18,21,17,77,127,149,189,171
,OTHER FELONIES (4),116,93,131,118,114,128,165,147,169,191,129,114,140,98,92,103,94,92
,TOTAL NON-SEVEN MAJOR FELONY OFFENSES,1159,1004,1234,1202,1186,1238,1085,1141,1316,1172,1032,771,755,812,814,698,913,772
30,FELONY POSSESSION STOLEN PROPERTY            ,99,78,49,37,36,24,27,17,17,9,2,6,7,8,8,10,3,9
,FORGERY/THEFT-FRAUD/IDENTITY THEFT                ,164,109,82,79,137,137,118,92,76,90,74,70,92,73,72,73,89,92
,ARSON                                 ,25,14,6,10,12,8,13,8,10,4,10,5,9,7,4,6,3,3
,FELONY SEX CRIMES (3),22,16,16,22,19,16,24,12,7,5,14,7,16,15,14,13,19,15
,FELONY DANGEROUS DRUGS  (1),3542,3204,2896,1576,1184,683,670,814,590,530,468,369,305,327,200,193,174,78
,FELONY DANGEROUS WEAPONS (2)        ,86,57,77,38,62,38,60,61,58,70,50,47,41,66,41,51,59,35
,FEL. CRIMINAL MISCHIEF & RELATED OFFENSES  ,70,143,160,38,49,23,20,25,61,27,33,17,17,25,28,33,35,38
,OTHER FELONIES (4),405,275,194,179,135,123,109,143,152,190,125,113,101,148,140,108,99,79
,TOTAL NON-SEVEN MAJOR FELONY OFFENSES,4413,3896,3480,1979,1634,1052,1041,1172,971,925,776,634,588,669,507,487,481,349
32,FELONY POSSESSION STOLEN PROPERTY            ,21,45,45,29,28,15,14,12,16,15,8,12,12,8,12,11,20,15
,FORGERY/THEFT-FRAUD/IDENTITY THEFT                ,52,46,64,86,127,145,138,114,160,133,140,122,143,117,105,102,110,142
,ARSON                                 ,63,44,18,29,20,30,22,34,19,23,33,17,26,34,29,15,14,9
,FELONY SEX CRIMES (3),23,33,37,21,24,28,21,17,19,19,20,26,23,19,15,21,25,26
,FELONY DANGEROUS DRUGS  (1),1215,1194,1076,831,819,659,711,523,709,516,421,427,289,326,274,299,313,225
,FELONY DANGEROUS WEAPONS (2)        ,61,80,98,74,112,87,131,140,217,213,131,118,95,107,74,72,122,114
,FEL. CRIMINAL MISCHIEF & RELATED OFFENSES  ,85,156,181,89,97,107,113,83,79,92,66,79,47,51,106,116,132,103
,OTHER FELONIES (4),176,167,228,237,225,220,260,293,281,305,246,192,186,208,172,160,226,170
,TOTAL NON-SEVEN MAJOR FELONY OFFENSES,1696,1765,1747,1396,1452,1291,1410,1216,1500,1316,1065,993,821,870,787,796,962,804
33,FELONY POSSESSION STOLEN PROPERTY            ,35,42,46,30,21,24,17,15,13,15,13,9,6,12,9,5,9,17
,FORGERY/THEFT-FRAUD/IDENTITY THEFT                ,65,83,64,87,185,193,160,158,193,140,94,103,112,114,94,81,136,104
,ARSON                                 ,21,16,5,11,15,23,10,12,9,6,4,3,10,1,2,9,2,3
,FELONY SEX CRIMES (3),30,14,30,33,26,16,13,13,14,10,15,11,20,12,17,13,12,7
,FELONY DANGEROUS DRUGS  (1),1276,729,1046,1127,1226,814,712,770,826,714,521,420,391,399,324,282,265,137
,FELONY DANGEROUS WEAPONS (2)        ,48,44,45,25,35,35,38,58,67,62,40,40,43,50,39,77,82,59
,FEL. CRIMINAL MISCHIEF & RELATED OFFENSES  ,108,213,232,88,89,109,116,83,172,85,25,18,16,17,33,104,143,77
,OTHER FELONIES (4),191,180,151,110,102,117,114,158,152,132,85,51,56,68,77,79,102,108
,TOTAL NON-SEVEN MAJOR FELONY OFFENSES,1774,1321,1619,1511,1699,1331,1180,1267,1446,1164,797,655,654,673,595,650,751,512
34,FELONY POSSESSION STOLEN PROPERTY            ,23,16,35,37,35,24,23,20,18,13,18,15,14,8,13,17,17,20
,FORGERY/THEFT-FRAUD/IDENTITY THEFT                ,99,55,64,84,217,224,150,154,149,127,140,168,177,232,145,197,211,185
,ARSON                                 ,27,23,34,11,20,24,13,9,17,24,23,5,10,7,7,5,9,14
,FELONY SEX CRIMES (3),10,21,24,29,22,27,18,15,18,14,20,13,14,17,20,16,16,12
,FELONY DANGEROUS DRUGS  (1),861,373,515,486,625,558,504,593,496,464,401,408,322,308,249,242,285,215
,FELONY DANGEROUS WEAPONS (2)        ,17,24,19,23,47,53,81,111,87,101,59,99,86,71,34,85,85,96
,FEL. CRIMINAL MISCHIEF & RELATED OFFENSES  ,268,299,144,82,59,49,57,64,31,41,18,32,53,122,92,75,99,121
,OTHER FELONIES (4),215,176,173,126,158,102,106,112,90,104,87,94,98,75,102,101,125,119
,TOTAL NON-SEVEN MAJOR FELONY OFFENSES,1520,987,1008,878,1183,1061,952,1078,906,888,766,834,774,840,662,738,847,782
40,FELONY POSSESSION STOLEN PROPERTY            ,41,36,31,27,34,36,19,26,21,11,4,8,9,5,14,21,9,19
,FORGERY/THEFT-FRAUD/IDENTITY THEFT                ,62,68,94,102,151,159,177,195,202,126,115,85,153,192,183,279,240,243
,ARSON                                 ,73,61,42,41,53,46,50,52,61,51,58,78,50,60,56,50,34,46
,FELONY SEX CRIMES (3),29,31,18,25,23,25,22,12,22,10,19,15,14,28,27,24,27,16
,FELONY DANGEROUS DRUGS  (1),1196,1054,1215,904,882,911,1072,1105,1303,1226,1220,1201,1063,841,828,763,782,464
,FELONY DANGEROUS WEAPONS (2)        ,72,73,95,85,100,107,98,146,135,163,149,134,172,206,180,214,217,142
,FEL. CRIMINAL MISCHIEF & RELATED OFFENSES  ,132,212,151,121,125,162,272,124,55,30,37,20,27,33,82,260,217,186
,OTHER FELONIES (4),455,414,482,557,556,458,318,291,276,258,244,216,240,236,251,273,235,238
,TOTAL NON-SEVEN MAJOR FELONY OFFENSES,2060,1949,2128,1862,1924,1904,2028,1951,2075,1875,1846,1757,1728,1601,1621,1884,1761,1354
41,FELONY POSSESSION STOLEN PROPERTY            ,45,60,41,31,27,15,9,15,19,10,13,15,11,6,4,13,7,9
,FORGERY/THEFT-FRAUD/IDENTITY THEFT                ,60,53,78,110,139,81,103,111,146,97,62,94,82,63,117,258,112,126
,ARSON                                 ,136,86,46,26,15,27,22,25,33,26,20,22,15,36,20,23,17,13
,FELONY SEX CRIMES (3),22,22,19,16,12,18,16,20,15,12,15,7,18,11,18,16,18,12
,FELONY DANGEROUS DRUGS  (1),621,416,484,603,490,567,564,727,719,698,611,689,578,524,364,268,432,367
,FELONY DANGEROUS WEAPONS (2)        ,37,40,37,32,24,29,30,46,59,62,61,52,55,45,76,82,167,121
,FEL. CRIMINAL MISCHIEF & RELATED OFFENSES  ,194,241,161,153,121,92,128,91,57,41,65,76,151,163,100,81,91,77
,OTHER FELONIES (4),809,677,635,622,536,311,269,319,308,293,282,392,336,429,117,122,112,103
,TOTAL NON-SEVEN MAJOR FELONY OFFENSES,1924,1595,1501,1593,1364,1140,1141,1354,1356,1239,1129,1347,1246,1277,816,863,956,828
42,FELONY POSSESSION STOLEN PROPERTY            ,56,44,37,31,18,18,12,12,14,11,8,11,3,6,8,6,8,10
,FORGERY/THEFT-FRAUD/IDENTITY THEFT                ,67,38,37,52,76,127,110,111,145,76,69,69,71,89,82,119,95,82
,ARSON                                 ,57,58,42,40,31,39,56,56,52,50,49,48,48,45,37,46,34,22
,FELONY SEX CRIMES (3),29,31,35,40,24,15,20,18,20,12,17,17,26,15,19,21,20,10
,FELONY DANGEROUS DRUGS  (1),821,737,631,489,492,464,592,712,728,803,646,616,494,445,425,349,367,358
,FELONY DANGEROUS WEAPONS (2)        ,70,61,54,58,69,69,84,124,131,106,100,96,99,100,75,108,170,121
,FEL. CRIMINAL MISCHIEF & RELATED OFFENSES  ,110,226,125,49,63,80,59,42,40,36,26,29,58,25,50,55,62,89
,OTHER FELONIES (4),304,243,290,283,251,231,177,169,155,179,140,105,120,113,124,132,148,158
,TOTAL NON-SEVEN MAJOR FELONY OFFENSES,1514,1438,1251,1042,1024,1043,1110,1244,1285,1273,1055,991,919,838,820,836,904,850
43,FELONY POSSESSION STOLEN PROPERTY            ,47,44,51,23,34,25,13,11,22,17,11,11,10,11,12,8,9,12
,FORGERY/THEFT-FRAUD/IDENTITY THEFT                ,122,97,79,119,228,223,194,194,241,199,166,240,281,226,183,205,165,176
,ARSON                                 ,70,64,45,33,69,55,57,37,50,40,54,37,40,26,44,41,20,27
,FELONY SEX CRIMES (3),44,49,40,39,31,34,32,26,26,26,31,20,28,29,25,36,24,25
,FELONY DANGEROUS DRUGS  (1),871,899,877,694,653,718,739,824,631,598,560,435,370,507,419,303,224,256
,FELONY DANGEROUS WEAPONS (2)        ,101,89,91,72,98,200,158,82,91,102,77,108,118,102,108,92,90,103
,FEL. CRIMINAL MISCHIEF & RELATED OFFENSES  ,155,310,179,114,50,59,59,68,112,68,39,41,43,62,58,69,157,258
,OTHER FELONIES (4),370,346,328,433,349,292,229,200,188,208,213,205,168,222,254,222,178,197
,TOTAL NON-SEVEN MAJOR FELONY OFFENSES,1780,1898,1690,1527,1512,1606,1481,1442,1361,1258,1151,1097,1058,1185,1103,976,867,1054
44,FELONY POSSESSION STOLEN PROPERTY            ,98,82,94,65,58,50,36,30,24,14,17,15,8,10,22,12,10,20
,FORGERY/THEFT-FRAUD/IDENTITY THEFT                ,119,204,256,249,290,192,166,225,259,213,206,238,212,159,205,224,384,331
,ARSON                                 ,96,78,37,36,37,35,44,33,41,26,27,21,23,16,24,21,13,12
,FELONY SEX CRIMES (3),50,73,36,30,26,32,23,40,19,25,25,21,27,28,23,26,25,25
,FELONY DANGEROUS DRUGS  (1),1055,852,1137,1236,1136,1073,1215,1409,1316,1344,1028,1131,910,695,571,514,471,369
,FELONY DANGEROUS WEAPONS (2)        ,109,133,109,105,105,104,116,125,138,129,170,159,166,134,135,94,105,119
,FEL. CRIMINAL MISCHIEF & RELATED OFFENSES  ,282,478,324,95,40,39,56,47,49,55,35,43,62,67,114,119,125,100
,OTHER FELONIES (4),447,376,401,474,243,200,209,199,235,169,221,192,186,208,209,162,203,139
,TOTAL NON-SEVEN MAJOR FELONY OFFENSES,2256,2276,2394,2290,1935,1725,1865,2108,2081,1975,1729,1820,1594,1317,1303,1172,1336,1115
45,FELONY POSSESSION STOLEN PROPERTY            ,20,22,28,15,19,14,6,10,6,8,6,10,4,4,6,6,2,5
,FORGERY/THEFT-FRAUD/IDENTITY THEFT                ,39,37,45,83,178,139,140,128,182,133,136,170,121,104,117,114,136,86
,ARSON                                 ,57,47,19,21,37,27,34,27,42,29,17,12,8,12,16,15,4,10
,FELONY SEX CRIMES (3),31,26,18,17,9,13,9,10,7,10,6,7,2,8,10,14,12,10
,FELONY DANGEROUS DRUGS  (1),51,85,98,62,105,103,144,192,140,115,108,124,95,48,59,52,155,85
,FELONY DANGEROUS WEAPONS (2)        ,30,19,21,13,12,47,33,33,36,51,44,36,29,21,16,16,32,32
,FEL. CRIMINAL MISCHIEF & RELATED OFFENSES  ,71,208,191,79,63,59,65,37,45,44,46,48,52,39,67,47,45,52
,OTHER FELONIES (4),157,125,110,173,123,143,92,122,110,97,89,74,69,70,72,78,81,72
,TOTAL NON-SEVEN MAJOR FELONY OFFENSES,456,569,530,463,546,545,523,559,568,487,452,481,380,306,363,342,467,352
46,FELONY POSSESSION STOLEN PROPERTY            ,51,81,86,42,30,43,25,25,18,15,13,23,12,11,21,4,12,10
,FORGERY/THEFT-FRAUD/IDENTITY THEFT                ,116,289,308,295,228,295,305,277,244,190,170,156,166,138,184,188,255,158
,ARSON                                 ,76,70,49,35,42,49,47,33,35,27,47,45,27,18,19,27,12,17
,FELONY SEX CRIMES (3),46,48,40,38,30,27,29,36,21,23,23,27,28,20,19,19,16,21
,FELONY DANGEROUS DRUGS  (1),1849,1816,1707,1353,1216,1526,1516,1544,1668,1291,989,933,909,791,840,620,543,572
,FELONY DANGEROUS WEAPONS (2)        ,129,157,138,130,119,141,154,172,117,125,114,126,89,81,105,95,110,86
,FEL. CRIMINAL MISCHIEF & RELATED OFFENSES  ,142,259,200,75,39,38,35,37,71,43,46,44,28,65,194,184,337,191
,OTHER FELONIES (4),308,260,329,294,241,253,218,234,224,176,141,159,146,201,181,197,159,177
,TOTAL NON-SEVEN MAJOR FELONY OFFENSES,2717,2980,2857,2262,1945,2372,2329,2358,2398,1890,1543,1513,1405,1325,1563,1334,1444,1232
47,FELONY POSSESSION STOLEN PROPERTY            ,51,60,44,59,36,26,30,25,27,15,16,12,14,6,11,29,22,35
,FORGERY/THEFT-FRAUD/IDENTITY THEFT                ,79,90,79,96,237,181,131,162,116,61,110,79,168,131,123,159,235,183
,ARSON                                 ,42,45,26,27,42,42,45,35,48,42,39,33,26,23,29,29,25,20
,FELONY SEX CRIMES (3),43,43,23,20,39,21,11,19,23,10,15,17,17,15,17,25,15,28
,FELONY DANGEROUS DRUGS  (1),824,657,616,591,542,492,543,761,633,560,440,289,297,278,342,247,264,246
,FELONY DANGEROUS WEAPONS (2)        ,86,122,90,88,133,132,120,121,170,142,123,108,114,155,139,111,87,95
,FEL. CRIMINAL MISCHIEF & RELATED OFFENSES  ,115,129,63,37,56,55,52,55,44,42,43,45,45,58,54,71,67,96
,OTHER FELONIES (4),311,278,219,193,166,169,165,186,153,156,134,131,133,125,160,171,164,189
,TOTAL NON-SEVEN MAJOR FELONY OFFENSES,1551,1424,1160,1111,1251,1118,1097,1364,1214,1028,920,714,814,791,875,842,879,892
48,FELONY POSSESSION STOLEN PROPERTY            ,47,37,51,40,18,11,16,25,18,11,18,14,13,10,6,6,12,12
,FORGERY/THEFT-FRAUD/IDENTITY THEFT                ,77,96,99,115,233,124,98,112,148,133,126,84,76,73,45,86,84,70
,ARSON                                 ,90,53,26,36,51,53,47,34,44,41,37,33,33,28,43,30,16,8
,FELONY SEX CRIMES (3),39,31,26,30,14,16,14,21,11,12,22,15,19,15,14,15,25,19
,FELONY DANGEROUS DRUGS  (1),1188,1017,698,609,755,745,794,969,979,1052,931,748,814,795,499,534,654,382
,FELONY DANGEROUS WEAPONS (2)        ,62,79,57,33,39,48,81,95,120,186,207,163,137,96,104,76,98,89
,FEL. CRIMINAL MISCHIEF & RELATED OFFENSES  ,112,211,128,115,162,98,54,52,28,55,65,82,41,57,82,130,106,170
,OTHER FELONIES (4),234,223,187,219,184,119,108,146,134,141,196,158,141,134,148,115,138,180
,TOTAL NON-SEVEN MAJOR FELONY OFFENSES,1849,1747,1272,1197,1456,1214,1212,1454,1482,1631,1602,1297,1274,1208,941,992,1133,930
49,FELONY POSSESSION STOLEN PROPERTY            ,12,14,21,16,14,11,7,7,9,3,4,3,10,3,12,7,13,9
,FORGERY/THEFT-FRAUD/IDENTITY THEFT                ,37,63,51,78,96,81,89,101,137,103,101,77,97,101,120,106,105,73
,ARSON                                 ,33,25,16,15,21,25,17,31,28,21,21,19,19,10,17,10,8,7
,FELONY SEX CRIMES (3),21,13,22,12,16,9,9,12,12,9,19,10,8,9,16,19,20,14
,FELONY DANGEROUS DRUGS  (1),81,144,95,87,78,116,177,182,137,163,192,139,188,157,196,144,151,113
,FELONY DANGEROUS WEAPONS (2)        ,26,20,17,21,25,18,22,32,23,36,44,44,42,48,40,50,42,39
,FEL. CRIMINAL MISCHIEF & RELATED OFFENSES  ,257,245,221,111,103,56,39,44,45,48,66,45,58,29,66,70,120,79
,OTHER FELONIES (4),178,143,174,93,90,62,106,94,82,101,114,70,78,72,86,105,142,170
,TOTAL NON-SEVEN MAJOR FELONY OFFENSES,645,667,617,433,443,378,466,503,473,484,561,407,500,429,553,511,601,504
50,FELONY POSSESSION STOLEN PROPERTY            ,22,19,20,15,15,12,12,12,12,9,7,6,0,1,6,6,9,4
,FORGERY/THEFT-FRAUD/IDENTITY THEFT                ,47,27,30,87,83,84,68,114,134,159,112,76,95,72,82,79,73,96
,ARSON                                 ,24,26,2,7,18,10,16,13,19,22,17,4,12,7,10,5,10,6
,FELONY SEX CRIMES (3),34,15,15,14,12,8,8,12,9,5,8,9,13,8,9,9,11,5
,FELONY DANGEROUS DRUGS  (1),83,80,70,99,58,109,109,210,168,151,99,129,118,118,103,145,115,103
,FELONY DANGEROUS WEAPONS (2)        ,24,37,19,12,22,26,18,29,24,59,20,13,26,19,21,21,20,15
,FEL. CRIMINAL MISCHIEF & RELATED OFFENSES  ,134,180,125,73,112,115,127,129,97,102,74,100,87,78,91,93,98,115
,OTHER FELONIES (4),123,88,84,113,85,68,47,47,65,65,49,45,36,41,55,39,43,35
,TOTAL NON-SEVEN MAJOR FELONY OFFENSES,491,472,365,420,405,432,405,566,528,572,386,382,387,344,377,397,379,379
52,FELONY POSSESSION STOLEN PROPERTY            ,70,47,39,41,31,40,23,18,28,11,12,29,11,10,10,12,11,35
,FORGERY/THEFT-FRAUD/IDENTITY THEFT                ,202,169,124,132,189,196,223,292,220,189,146,228,382,255,268,222,172,163
,ARSON                                 ,49,42,22,29,30,33,38,21,27,25,16,17,22,14,10,12,6,11
,FELONY SEX CRIMES (3),41,47,36,43,25,21,14,20,18,27,16,20,19,21,23,21,35,30
,FELONY DANGEROUS DRUGS  (1),1146,789,720,690,741,882,1008,1171,1061,1073,954,741,777,768,580,455,391,520
,FELONY DANGEROUS WEAPONS (2)        ,76,68,79,55,79,63,97,100,113,144,170,145,114,134,110,105,129,156
,FEL. CRIMINAL MISCHIEF & RELATED OFFENSES  ,251,223,118,120,131,89,102,116,119,91,100,80,95,92,101,133,105,184
,OTHER FELONIES (4),266,280,208,258,314,247,227,233,257,243,219,188,151,145,191,174,208,201
,TOTAL NON-SEVEN MAJOR FELONY OFFENSES,2101,1665,1346,1368,1540,1571,1732,1971,1843,1803,1633,1448,1571,1439,1293,1134,1057,1300
60,FELONY POSSESSION STOLEN PROPERTY            ,7,26,6,17,9,7,9,13,11,3,12,11,4,3,9,6,3,3
,FORGERY/THEFT-FRAUD/IDENTITY THEFT                ,84,53,67,91,140,88,81,83,95,88,105,122,83,67,77,124,138,86
,ARSON                                 ,89,59,56,41,36,39,55,54,64,56,29,44,38,25,18,16,12,14
,FELONY SEX CRIMES (3),28,30,23,19,20,13,19,19,14,11,15,8,17,9,12,16,24,25
,FELONY DANGEROUS DRUGS  (1),509,380,284,194,398,484,556,484,310,341,325,261,199,220,273,293,163,151
,FELONY DANGEROUS WEAPONS (2)        ,41,34,20,11,24,26,25,43,54,75,88,42,78,80,54,89,64,49
,FEL. CRIMINAL MISCHIEF & RELATED OFFENSES  ,185,182,125,131,129,110,138,142,140,119,132,120,125,103,107,161,144,142
,OTHER FELONIES (4),178,173,228,175,154,186,144,139,198,179,158,178,158,155,207,233,230,205
,TOTAL NON-SEVEN MAJOR FELONY OFFENSES,1121,937,809,679,910,953,1027,977,886,872,864,786,702,662,757,938,778,675
61,FELONY POSSESSION STOLEN PROPERTY            ,7,6,28,12,8,9,15,12,10,10,7,8,6,11,11,9,6,7
,FORGERY/THEFT-FRAUD/IDENTITY THEFT                ,62,65,58,189,162,151,196,161,160,205,151,139,111,101,92,76,55,76
,ARSON                                 ,52,36,48,36,35,35,18,22,30,20,17,13,13,13,16,14,10,7
,FELONY SEX CRIMES (3),18,17,16,17,14,9,11,6,4,11,12,9,19,12,10,6,15,12
,FELONY DANGEROUS DRUGS  (1),177,99,118,127,163,274,243,234,183,165,130,106,161,200,179,166,109,140
,FELONY DANGEROUS WEAPONS (2)        ,11,18,9,10,9,27,24,38,42,37,33,32,32,26,39,28,29,21
,FEL. CRIMINAL MISCHIEF & RELATED OFFENSES  ,416,431,452,389,311,194,154,174,174,149,101,104,149,123,129,138,125,128
,OTHER FELONIES (4),110,126,184,119,131,125,148,148,126,132,143,114,143,195,189,144,190,211
,TOTAL NON-SEVEN MAJOR FELONY OFFENSES,853,798,913,899,833,824,809,795,729,729,594,525,634,681,665,581,539,602
62,FELONY POSSESSION STOLEN PROPERTY            ,1,7,6,8,2,2,5,2,5,5,7,5,2,2,6,8,6,6
,FORGERY/THEFT-FRAUD/IDENTITY THEFT                ,25,42,56,75,146,185,222,171,149,108,86,156,156,124,141,145,112,94
,ARSON                                 ,67,52,25,17,20,28,29,20,31,18,18,16,16,6,9,6,5,5
,FELONY SEX CRIMES (3),31,8,14,13,12,10,11,17,9,9,8,16,18,4,10,9,8,12
,FELONY DANGEROUS DRUGS  (1),107,89,62,54,94,96,124,200,139,97,129,95,103,143,142,144,155,195
,FELONY DANGEROUS WEAPONS (2)        ,9,12,10,5,10,44,29,58,108,63,33,20,31,23,15,35,43,45
,FEL. CRIMINAL MISCHIEF & RELATED OFFENSES  ,184,241,171,95,127,121,111,83,118,80,37,34,43,79,71,132,120,95
,OTHER FELONIES (4),181,154,115,126,123,179,160,171,146,175,149,183,153,146,167,242,239,215
,TOTAL NON-SEVEN MAJOR FELONY OFFENSES,605,605,459,393,534,665,691,722,705,555,467,525,522,527,561,721,688,667
63,FELONY POSSESSION STOLEN PROPERTY            ,11,8,11,13,4,5,1,7,5,5,2,9,3,4,12,6,8,7
,FORGERY/THEFT-FRAUD/IDENTITY THEFT                ,45,43,34,96,255,193,173,175,136,64,85,139,145,164,103,134,141,139
,ARSON                                 ,28,25,20,8,14,19,18,18,25,19,10,9,8,13,8,6,1,5
,FELONY SEX CRIMES (3),21,19,9,6,6,9,8,5,9,4,14,12,11,7,3,7,12,12
,FELONY DANGEROUS DRUGS  (1),48,74,69,50,87,83,29,67,48,16,40,49,84,53,69,40,46,35
,FELONY DANGEROUS WEAPONS (2)        ,8,18,6,15,13,7,20,26,40,46,34,44,60,31,39,32,42,61
,FEL. CRIMINAL MISCHIEF & RELATED OFFENSES  ,202,227,77,53,66,40,42,64,89,53,48,47,101,85,68,84,92,86
,OTHER FELONIES (4),66,112,188,144,114,87,124,105,153,94,118,115,135,142,121,139,163,147
,TOTAL NON-SEVEN MAJOR FELONY OFFENSES,429,526,414,385,559,443,415,467,505,301,351,424,547,499,423,448,505,492
66,FELONY POSSESSION STOLEN PROPERTY            ,7,9,10,6,7,7,4,2,1,1,7,3,2,1,0,8,1,3
,FORGERY/THEFT-FRAUD/IDENTITY THEFT                ,32,44,40,50,98,98,83,77,80,62,70,82,96,88,80,66,46,68
,ARSON                                 ,40,41,40,22,33,17,16,19,13,18,22,14,10,6,5,8,8,8
,FELONY SEX CRIMES (3),20,30,12,16,9,8,17,20,17,10,11,14,23,9,14,16,14,18
,FELONY DANGEROUS DRUGS  (1),108,105,47,28,98,117,141,117,55,43,61,65,49,72,29,49,80,63
,FELONY DANGEROUS WEAPONS (2)        ,14,10,2,1,6,5,12,10,14,11,11,9,15,14,10,7,7,9
,FEL. CRIMINAL MISCHIEF & RELATED OFFENSES  ,118,100,82,62,45,75,51,49,51,66,43,60,59,58,89,115,132,118
,OTHER FELONIES (4),134,150,192,115,141,122,106,119,115,107,136,119,136,129,123,114,125,104
,TOTAL NON-SEVEN MAJOR FELONY OFFENSES,473,489,425,300,437,449,430,413,346,318,361,366,390,377,350,383,413,391
67,FELONY POSSESSION STOLEN PROPERTY            ,28,42,29,32,16,10,12,25,15,23,10,15,15,10,34,28,26,36
,FORGERY/THEFT-FRAUD/IDENTITY THEFT                ,154,254,150,120,330,308,337,305,258,169,188,157,164,184,209,382,577,365
,ARSON                                 ,49,31,36,31,22,22,21,50,33,32,25,25,31,27,23,32,8,5
,FELONY SEX CRIMES (3),40,51,49,24,32,19,25,23,25,23,24,19,47,23,23,19,15,29
,FELONY DANGEROUS DRUGS  (1),640,417,320,180,241,389,320,375,324,234,209,279,216,211,193,146,159,163
,FELONY DANGEROUS WEAPONS (2)        ,102,109,62,112,139,120,163,248,194,231,223,199,202,152,111,108,147,175
,FEL. CRIMINAL MISCHIEF & RELATED OFFENSES  ,145,339,137,129,151,138,156,140,162,140,151,167,171,237,244,207,279,264
,OTHER FELONIES (4),299,339,542,404,347,330,317,302,265,321,328,338,348,418,443,472,463,399
,TOTAL NON-SEVEN MAJOR FELONY OFFENSES,1457,1582,1325,1032,1278,1336,1351,1468,1276,1173,1158,1199,1194,1262,1280,1394,1674,1436
68,FELONY POSSESSION STOLEN PROPERTY            ,10,10,8,4,5,3,3,3,3,2,6,2,1,4,2,7,6,6
,FORGERY/THEFT-FRAUD/IDENTITY THEFT                ,50,27,57,41,101,102,86,101,121,122,80,84,69,110,88,100,85,106
,ARSON                                 ,26,31,16,12,9,18,23,16,17,15,15,9,14,7,11,7,4,4
,FELONY SEX CRIMES (3),9,11,5,19,17,11,16,11,9,6,5,10,14,6,7,7,8,14
,FELONY DANGEROUS DRUGS  (1),132,73,59,31,61,63,147,229,96,83,100,84,76,93,97,94,100,229
,FELONY DANGEROUS WEAPONS (2)        ,10,14,6,2,5,5,8,10,9,11,5,7,3,16,29,25,18,46
,FEL. CRIMINAL MISCHIEF & RELATED OFFENSES  ,248,278,144,136,180,130,150,155,95,77,72,90,80,94,115,98,127,114
,OTHER FELONIES (4),132,114,172,108,140,143,124,117,104,121,96,106,148,144,157,140,139,158
,TOTAL NON-SEVEN MAJOR FELONY OFFENSES,617,558,467,353,518,475,557,642,454,437,379,392,405,474,506,478,487,677
69,FELONY POSSESSION STOLEN PROPERTY            ,40,22,17,7,6,9,12,7,4,4,4,3,16,16,19,9,6,24
,FORGERY/THEFT-FRAUD/IDENTITY THEFT                ,67,61,51,72,92,86,76,84,106,104,104,125,89,92,165,116,168,155
,ARSON                                 ,21,28,13,15,13,21,10,14,20,23,13,22,14,13,12,7,8,14
,FELONY SEX CRIMES (3),25,42,18,10,16,12,9,12,14,9,16,8,16,6,9,9,9,14
,FELONY DANGEROUS DRUGS  (1),72,57,59,32,93,107,138,161,126,82,67,110,112,70,87,67,47,55
,FELONY DANGEROUS WEAPONS (2)        ,31,28,31,22,24,52,68,54,80,85,65,78,87,57,64,59,65,105
,FEL. CRIMINAL MISCHIEF & RELATED OFFENSES  ,168,155,64,50,45,85,95,197,149,102,79,75,57,55,79,73,131,100
,OTHER FELONIES (4),143,134,201,180,117,163,150,134,114,131,101,121,134,147,173,198,203,241
,TOTAL NON-SEVEN MAJOR FELONY OFFENSES,567,527,454,388,406,535,558,663,613,540,449,542,525,456,608,538,637,708
70,FELONY POSSESSION STOLEN PROPERTY            ,22,31,37,23,21,9,14,20,24,17,19,20,14,13,15,11,11,29
,FORGERY/THEFT-FRAUD/IDENTITY THEFT                ,119,118,189,143,270,175,226,251,244,205,165,125,95,113,188,211,236,237
,ARSON                                 ,25,28,17,25,27,24,12,18,21,18,21,19,18,18,8,15,7,7
,FELONY SEX CRIMES (3),39,36,27,29,21,42,36,30,22,19,19,27,33,24,19,17,22,17
,FELONY DANGEROUS DRUGS  (1),358,327,294,233,351,479,452,449,277,258,263,303,305,233,138,143,90,102
,FELONY DANGEROUS WEAPONS (2)        ,41,64,39,40,33,38,70,84,92,111,94,80,68,56,63,59,61,76
,FEL. CRIMINAL MISCHIEF & RELATED OFFENSES  ,176,142,63,54,80,109,132,214,250,192,172,136,96,103,132,155,175,165
,OTHER FELONIES (4),138,195,301,311,235,241,261,286,256,261,225,263,223,294,351,334,353,334
,TOTAL NON-SEVEN MAJOR FELONY OFFENSES,918,941,967,858,1038,1117,1203,1352,1186,1081,978,973,852,854,914,945,955,967
71,FELONY POSSESSION STOLEN PROPERTY            ,16,22,16,13,13,15,12,15,12,12,8,16,20,9,14,13,22,40
,FORGERY/THEFT-FRAUD/IDENTITY THEFT                ,100,118,87,106,189,181,148,225,122,163,139,163,148,132,191,177,187,151
,ARSON                                 ,33,31,27,29,28,37,29,20,15,20,19,16,23,11,13,13,11,9
,FELONY SEX CRIMES (3),43,23,26,17,23,12,10,19,9,15,14,21,24,13,18,12,20,12
,FELONY DANGEROUS DRUGS  (1),345,277,230,130,219,309,368,348,198,181,186,193,183,166,132,90,135,114
,FELONY DANGEROUS WEAPONS (2)        ,69,71,46,41,50,70,81,84,63,110,140,90,71,54,55,63,79,88
,FEL. CRIMINAL MISCHIEF & RELATED OFFENSES  ,241,292,233,136,150,98,112,95,125,98,111,78,67,109,103,140,102,88
,OTHER FELONIES (4),274,237,332,202,218,172,170,173,192,199,182,183,223,226,242,251,245,231
,TOTAL NON-SEVEN MAJOR FELONY OFFENSES,1121,1071,997,674,890,894,930,979,736,798,799,760,759,720,768,759,801,733
72,FELONY POSSESSION STOLEN PROPERTY            ,5,10,17,11,4,6,8,5,9,1,6,2,1,2,11,5,3,5
,FORGERY/THEFT-FRAUD/IDENTITY THEFT                ,50,59,63,94,125,109,164,195,166,121,153,124,113,91,63,59,91,99
,ARSON                                 ,40,39,37,23,20,38,22,13,30,9,18,14,16,9,5,4,9,5
,FELONY SEX CRIMES (3),28,29,16,17,8,9,11,12,11,9,7,14,18,16,22,10,21,16
,FELONY DANGEROUS DRUGS  (1),652,487,273,221,272,294,299,208,330,289,228,166,120,139,123,102,128,98
,FELONY DANGEROUS WEAPONS (2)        ,25,20,15,27,14,17,7,23,23,51,59,35,21,25,56,71,74,52
,FEL. CRIMINAL MISCHIEF & RELATED OFFENSES  ,110,132,178,124,85,72,86,47,92,64,84,92,79,95,114,171,154,222
,OTHER FELONIES (4),122,173,183,158,154,133,125,124,146,144,157,142,154,152,138,165,177,194
,TOTAL NON-SEVEN MAJOR FELONY OFFENSES,1032,949,782,675,682,678,722,627,807,688,712,589,522,529,532,587,657,691
73,FELONY POSSESSION STOLEN PROPERTY            ,93,89,53,27,41,30,29,23,13,17,17,5,12,8,43,41,30,41
,FORGERY/THEFT-FRAUD/IDENTITY THEFT                ,66,54,50,96,164,174,148,121,183,133,146,202,335,206,145,217,313,172
,ARSON                                 ,48,43,39,35,39,42,47,59,35,44,43,36,39,28,35,19,24,16
,FELONY SEX CRIMES (3),51,42,35,25,42,28,27,23,27,20,30,21,46,24,26,23,21,26
,FELONY DANGEROUS DRUGS  (1),605,509,472,354,479,739,702,813,697,687,788,829,589,454,489,402,331,309
,FELONY DANGEROUS WEAPONS (2)        ,126,174,102,94,98,165,181,243,197,199,164,179,256,311,308,351,391,217
,FEL. CRIMINAL MISCHIEF & RELATED OFFENSES  ,182,246,177,194,202,191,157,172,180,180,165,189,238,159,215,205,171,226
,OTHER FELONIES (4),382,395,433,415,382,333,291,338,366,398,393,459,478,545,538,501,563,436
,TOTAL NON-SEVEN MAJOR FELONY OFFENSES,1553,1552,1361,1240,1447,1702,1582,1792,1698,1678,1746,1920,1993,1735,1799,1759,1844,1443
75,FELONY POSSESSION STOLEN PROPERTY            ,103,109,78,82,74,113,79,66,57,53,36,41,18,23,44,51,42,78
,FORGERY/THEFT-FRAUD/IDENTITY THEFT                ,79,148,257,294,326,309,365,363,295,350,291,330,264,264,312,326,337,280
,ARSON                                 ,147,143,113,87,76,73,65,66,98,69,72,54,49,72,53,52,49,30
,FELONY SEX CRIMES (3),96,73,61,45,94,64,50,37,30,41,43,56,58,35,32,26,52,52
,FELONY DANGEROUS DRUGS  (1),1440,1270,870,673,871,1113,1089,1217,1059,833,767,846,787,735,603,650,525,502
,FELONY DANGEROUS WEAPONS (2)        ,170,154,178,144,149,202,209,180,162,221,241,270,318,292,291,379,364,286
,FEL. CRIMINAL MISCHIEF & RELATED OFFENSES  ,549,501,317,232,279,277,179,197,252,211,175,191,273,363,388,277,334,388
,OTHER FELONIES (4),546,628,700,688,639,625,528,564,573,702,645,783,781,729,761,672,686,620
,TOTAL NON-SEVEN MAJOR FELONY OFFENSES,3130,3026,2574,2245,2508,2776,2564,2690,2526,2480,2270,2571,2548,2513,2484,2433,2389,2236
76,FELONY POSSESSION STOLEN PROPERTY            ,14,12,15,21,10,11,6,5,9,0,0,4,1,2,18,8,10,8
,FORGERY/THEFT-FRAUD/IDENTITY THEFT                ,11,18,19,34,56,52,78,74,57,50,57,49,48,43,46,57,81,94
,ARSON                                 ,13,19,12,12,18,13,15,11,18,10,10,17,12,11,16,9,5,5
,FELONY SEX CRIMES (3),8,16,8,2,7,4,2,6,3,4,6,2,6,7,2,5,4,6
,FELONY DANGEROUS DRUGS  (1),208,228,188,163,210,294,308,268,250,208,181,139,174,135,104,69,105,128
,FELONY DANGEROUS WEAPONS (2)        ,26,14,5,8,12,8,12,19,20,33,16,17,15,11,18,26,65,55
,FEL. CRIMINAL MISCHIEF & RELATED OFFENSES  ,59,49,31,33,36,21,36,15,17,17,9,15,22,33,38,42,58,58
,OTHER FELONIES (4),72,84,94,108,104,75,61,67,72,76,56,62,79,73,77,67,104,119
,TOTAL NON-SEVEN MAJOR FELONY OFFENSES,411,440,372,381,453,478,518,465,446,398,335,305,357,315,319,283,432,473
77,FELONY POSSESSION STOLEN PROPERTY            ,40,58,36,39,32,22,23,22,21,15,21,29,17,12,23,18,12,23
,FORGERY/THEFT-FRAUD/IDENTITY THEFT                ,72,72,126,134,203,250,230,204,208,96,97,94,105,117,109,132,144,114
,ARSON                                 ,39,38,27,24,27,35,27,23,27,14,21,16,9,20,17,12,11,7
,FELONY SEX CRIMES (3),39,33,29,18,16,14,19,18,17,12,16,20,34,14,16,12,16,22
,FELONY DANGEROUS DRUGS  (1),642,561,406,392,374,628,888,906,798,635,505,531,387,275,311,183,217,312
,FELONY DANGEROUS WEAPONS (2)        ,137,145,146,100,104,140,122,127,114,121,99,129,98,93,96,79,86,120
,FEL. CRIMINAL MISCHIEF & RELATED OFFENSES  ,187,281,177,170,147,138,112,142,88,83,134,158,199,178,215,208,160,157
,OTHER FELONIES (4),319,328,306,281,194,243,196,202,201,253,210,244,253,299,300,280,270,262
,TOTAL NON-SEVEN MAJOR FELONY OFFENSES,1475,1516,1253,1158,1097,1470,1617,1644,1474,1229,1103,1221,1102,1008,1087,924,916,1017
78,FELONY POSSESSION STOLEN PROPERTY            ,4,1,3,1,5,4,3,5,4,5,3,1,4,3,21,5,4,3
,FORGERY/THEFT-FRAUD/IDENTITY THEFT                ,20,36,31,32,96,122,99,64,78,53,71,71,80,77,82,87,117,91
,ARSON                                 ,18,11,8,12,5,12,8,9,15,7,8,5,7,3,6,3,2,1
,FELONY SEX CRIMES (3),13,7,2,9,6,3,3,6,4,5,11,6,7,2,4,4,6,6
,FELONY DANGEROUS DRUGS  (1),99,64,56,36,72,123,135,109,145,108,70,61,53,66,43,54,39,40
,FELONY DANGEROUS WEAPONS (2)        ,7,5,3,2,11,12,15,8,9,13,8,8,5,19,29,33,26,16
,FEL. CRIMINAL MISCHIEF & RELATED OFFENSES  ,97,135,24,24,27,36,33,30,29,19,27,19,20,27,33,44,27,35
,OTHER FELONIES (4),69,55,53,47,48,47,50,51,60,51,43,35,48,57,54,53,72,55
,TOTAL NON-SEVEN MAJOR FELONY OFFENSES,327,314,180,163,270,359,346,282,344,261,241,206,224,254,272,283,293,247
79,FELONY POSSESSION STOLEN PROPERTY            ,48,51,35,35,31,28,20,23,17,14,10,20,13,10,35,23,6,17
,FORGERY/THEFT-FRAUD/IDENTITY THEFT                ,98,79,84,81,147,177,118,159,147,84,97,105,133,142,122,166,114,131
,ARSON                                 ,65,66,43,40,56,56,34,25,33,28,33,35,30,26,18,11,7,11
,FELONY SEX CRIMES (3),42,53,27,31,29,20,26,26,18,13,22,19,36,19,14,19,16,11
,FELONY DANGEROUS DRUGS  (1),739,733,689,374,387,572,742,768,782,714,484,442,384,470,353,270,289,300
,FELONY DANGEROUS WEAPONS (2)        ,89,94,93,99,78,119,89,130,102,115,106,122,122,149,113,115,121,108
,FEL. CRIMINAL MISCHIEF & RELATED OFFENSES  ,164,321,136,44,76,70,74,83,97,103,119,138,119,155,170,161,161,188
,OTHER FELONIES (4),464,400,414,366,312,339,296,301,392,357,375,313,324,328,329,288,262,283
,TOTAL NON-SEVEN MAJOR FELONY OFFENSES,1709,1797,1521,1070,1116,1381,1399,1515,1588,1428,1246,1194,1161,1299,1154,1053,976,1049
81,FELONY POSSESSION STOLEN PROPERTY            ,34,32,20,25,11,9,12,7,7,11,14,7,10,14,32,5,6,24
,FORGERY/THEFT-FRAUD/IDENTITY THEFT                ,50,37,21,36,109,131,85,101,129,96,87,77,80,86,83,105,104,87
,ARSON                                 ,20,33,28,27,23,34,27,18,37,17,22,21,20,18,24,26,9,11
,FELONY SEX CRIMES (3),24,40,23,10,15,21,23,16,12,18,13,15,30,16,16,13,10,13
,FELONY DANGEROUS DRUGS  (1),426,386,366,174,197,296,526,520,574,525,328,315,282,315,311,238,201,151
,FELONY DANGEROUS WEAPONS (2)        ,76,68,47,59,91,101,115,139,106,135,112,126,148,121,125,101,103,78
,FEL. CRIMINAL MISCHIEF & RELATED OFFENSES  ,102,162,78,53,80,36,34,53,48,47,53,76,67,70,78,110,107,113
,OTHER FELONIES (4),289,268,261,215,248,234,174,200,186,230,234,265,271,304,277,252,234,224
,TOTAL NON-SEVEN MAJOR FELONY OFFENSES,1021,1026,844,599,774,862,996,1054,1099,1079,863,902,908,944,946,850,774,701
83,FELONY POSSESSION STOLEN PROPERTY            ,89,27,31,37,21,19,34,25,19,10,10,15,5,10,16,10,8,10
,FORGERY/THEFT-FRAUD/IDENTITY THEFT                ,66,88,65,112,197,149,122,122,167,135,98,116,128,126,93,102,83,126
,ARSON                                 ,99,36,42,22,41,37,45,27,34,19,25,17,20,15,15,13,8,7
,FELONY SEX CRIMES (3),33,55,26,31,29,32,33,25,25,37,32,26,46,30,23,21,23,21
,FELONY DANGEROUS DRUGS  (1),1153,924,835,629,541,798,750,890,867,624,482,478,395,405,370,294,256,224
,FELONY DANGEROUS WEAPONS (2)        ,107,92,56,79,70,82,70,82,88,69,87,83,56,68,48,63,75,71
,FEL. CRIMINAL MISCHIEF & RELATED OFFENSES  ,114,232,210,147,148,146,121,86,113,230,136,132,147,151,174,181,160,158
,OTHER FELONIES (4),303,299,319,351,304,300,233,254,287,282,331,313,287,294,228,214,229,206
,TOTAL NON-SEVEN MAJOR FELONY OFFENSES,1964,1753,1584,1408,1351,1563,1408,1511,1600,1406,1201,1180,1084,1099,967,898,842,823
84,FELONY POSSESSION STOLEN PROPERTY            ,12,15,8,13,14,9,9,12,15,8,5,9,10,4,17,10,10,7
,FORGERY/THEFT-FRAUD/IDENTITY THEFT                ,116,90,103,80,114,185,153,129,144,137,118,105,73,103,111,129,104,177
,ARSON                                 ,20,12,7,11,10,15,14,10,22,12,13,6,6,11,8,7,2,3
,FELONY SEX CRIMES (3),15,12,8,8,4,6,10,4,2,3,5,6,9,6,5,6,7,13
,FELONY DANGEROUS DRUGS  (1),96,65,125,87,59,62,91,157,178,150,98,107,89,93,66,106,66,77
,FELONY DANGEROUS WEAPONS (2)        ,10,15,24,13,16,12,22,16,30,39,29,16,24,37,25,21,15,30
,FEL. CRIMINAL MISCHIEF & RELATED OFFENSES  ,52,144,115,59,69,67,52,46,44,37,26,33,42,50,82,81,93,112
,OTHER FELONIES (4),154,137,166,159,102,99,125,124,130,134,112,137,137,163,154,155,153,147
,TOTAL NON-SEVEN MAJOR FELONY OFFENSES,475,490,556,430,388,455,476,498,565,520,406,419,390,467,468,515,450,566
88,FELONY POSSESSION STOLEN PROPERTY            ,16,13,8,11,15,11,9,6,7,4,1,1,3,4,17,3,7,4
,FORGERY/THEFT-FRAUD/IDENTITY THEFT                ,74,44,55,48,99,120,80,110,119,74,80,63,56,48,71,77,93,95
,ARSON                                 ,24,36,19,27,16,18,12,11,20,13,16,14,10,16,12,12,3,4
,FELONY SEX CRIMES (3),15,19,16,10,11,10,4,11,7,9,5,9,9,3,9,7,7,10
,FELONY DANGEROUS DRUGS  (1),207,219,146,115,107,140,281,349,255,191,109,105,138,110,77,94,118,83
,FELONY DANGEROUS WEAPONS (2)        ,21,26,18,21,17,21,29,39,57,28,28,34,26,34,32,42,34,37
,FEL. CRIMINAL MISCHIEF & RELATED OFFENSES  ,91,139,110,33,47,47,39,69,62,51,70,51,63,74,67,41,62,47
,OTHER FELONIES (4),133,173,140,155,102,99,81,102,109,94,105,70,119,140,155,155,148,123
,TOTAL NON-SEVEN MAJOR FELONY OFFENSES,581,669,512,420,414,466,535,697,636,464,414,347,424,429,440,431,472,403
90,FELONY POSSESSION STOLEN PROPERTY            ,17,18,15,19,16,10,15,7,12,8,10,9,4,6,17,8,5,10
,FORGERY/THEFT-FRAUD/IDENTITY THEFT                ,64,45,66,84,101,124,78,94,93,86,108,103,106,100,96,129,145,145
,ARSON                                 ,67,45,46,45,25,36,28,32,34,26,40,28,20,41,22,27,6,16
,FELONY SEX CRIMES (3),17,35,19,18,20,19,12,8,10,22,14,13,17,15,19,15,21,20
,FELONY DANGEROUS DRUGS  (1),548,358,353,241,224,358,414,411,346,296,320,279,219,227,229,206,159,198
,FELONY DANGEROUS WEAPONS (2)        ,26,24,24,14,18,30,37,34,61,54,58,48,33,56,45,40,45,35
,FEL. CRIMINAL MISCHIEF & RELATED OFFENSES  ,89,145,113,109,92,114,94,82,88,91,84,76,56,82,93,110,136,164
,OTHER FELONIES (4),194,207,229,176,188,186,181,129,166,174,143,190,181,204,219,228,210,221
,TOTAL NON-SEVEN MAJOR FELONY OFFENSES,1022,877,865,706,684,877,859,797,810,757,777,746,636,731,740,763,727,809
94,FELONY POSSESSION STOLEN PROPERTY            ,9,10,6,3,3,3,2,4,4,4,6,5,2,0,5,4,4,5
,FORGERY/THEFT-FRAUD/IDENTITY THEFT                ,28,21,36,27,48,29,56,58,42,61,58,45,46,40,53,42,68,62
,ARSON                                 ,27,30,24,14,23,20,15,12,18,15,7,8,9,10,5,3,8,2
,FELONY SEX CRIMES (3),5,7,4,3,7,1,2,3,1,5,0,3,8,7,5,4,7,6
,FELONY DANGEROUS DRUGS  (1),43,40,50,30,34,35,62,88,122,141,107,52,79,74,48,79,57,74
,FELONY DANGEROUS WEAPONS (2)        ,8,3,3,3,2,3,4,8,7,24,28,15,21,9,14,11,10,14
,FEL. CRIMINAL MISCHIEF & RELATED OFFENSES  ,139,159,133,120,121,109,110,78,71,95,115,118,96,135,134,69,97,96
,OTHER FELONIES (4),49,36,31,35,42,45,31,46,56,51,67,66,77,104,83,64,87,94
,TOTAL NON-SEVEN MAJOR FELONY OFFENSES,308,306,287,235,280,245,282,297,321,396,388,312,338,379,347,276,338,353
100,FELONY POSSESSION STOLEN PROPERTY            ,6,4,11,6,3,5,3,0,4,4,4,1,2,1,3,2,5,8
,FORGERY/THEFT-FRAUD/IDENTITY THEFT                ,4,16,14,25,38,43,29,51,66,51,86,77,103,65,56,51,103,50
,ARSON                                 ,21,19,17,8,14,7,4,10,13,13,7,5,5,5,4,5,1,2
,FELONY SEX CRIMES (3),26,15,10,9,12,9,11,5,2,2,8,4,6,4,4,5,6,6
,FELONY DANGEROUS DRUGS  (1),64,46,58,82,113,100,54,129,97,85,80,67,60,53,48,63,59,97
,FELONY DANGEROUS WEAPONS (2)        ,11,6,7,17,17,22,17,11,19,34,28,30,24,28,22,44,71,93
,FEL. CRIMINAL MISCHIEF & RELATED OFFENSES  ,52,92,99,88,88,70,93,50,58,57,51,80,87,47,74,107,120,123
,OTHER FELONIES (4),38,37,56,109,93,117,94,99,115,147,124,123,141,131,207,211,236,188
,TOTAL NON-SEVEN MAJOR FELONY OFFENSES,222,235,272,344,378,373,305,355,374,393,388,387,428,334,418,488,601,567
101,FELONY POSSESSION STOLEN PROPERTY            ,9,12,21,11,12,10,9,5,7,3,12,4,6,5,4,10,16,4
,FORGERY/THEFT-FRAUD/IDENTITY THEFT                ,18,14,19,44,72,65,58,71,37,33,45,42,39,42,58,75,99,44
,ARSON                                 ,39,36,21,10,9,23,16,10,19,17,22,18,13,14,14,10,21,12
,FELONY SEX CRIMES (3),28,23,21,13,11,14,11,8,11,6,7,3,12,10,10,9,9,13
,FELONY DANGEROUS DRUGS  (1),319,213,198,191,219,213,280,313,266,176,175,149,85,98,111,129,91,101
,FELONY DANGEROUS WEAPONS (2)        ,40,33,34,27,41,54,62,87,71,95,111,90,113,116,100,128,106,100
,FEL. CRIMINAL MISCHIEF & RELATED OFFENSES  ,91,126,145,99,107,156,88,42,30,28,37,61,53,64,81,98,154,176
,OTHER FELONIES (4),159,150,134,103,118,123,136,114,113,127,158,212,214,269,336,365,323,410
,TOTAL NON-SEVEN MAJOR FELONY OFFENSES,703,607,593,498,589,658,660,650,554,485,567,579,535,618,714,824,819,860
102,FELONY POSSESSION STOLEN PROPERTY            ,35,30,40,11,16,17,17,13,11,13,5,6,5,6,6,6,7,3
,FORGERY/THEFT-FRAUD/IDENTITY THEFT                ,37,45,54,93,161,111,131,130,139,135,121,109,100,79,67,71,107,57
,ARSON                                 ,56,47,23,23,40,22,24,19,30,18,19,13,13,13,10,12,15,13
,FELONY SEX CRIMES (3),30,31,35,22,23,10,11,15,12,23,12,10,17,11,13,16,22,12
,FELONY DANGEROUS DRUGS  (1),151,96,100,72,166,154,145,192,207,165,146,122,124,168,122,115,146,161
,FELONY DANGEROUS WEAPONS (2)        ,24,22,32,17,8,33,41,56,88,134,132,113,89,114,32,38,38,20
,FEL. CRIMINAL MISCHIEF & RELATED OFFENSES  ,88,82,68,127,58,67,90,74,118,80,45,47,68,89,73,126,125,101
,OTHER FELONIES (4),278,237,241,232,240,191,197,178,203,210,223,203,213,249,242,280,352,232
,TOTAL NON-SEVEN MAJOR FELONY OFFENSES,699,590,593,597,712,605,656,677,808,778,703,623,629,729,565,664,812,599
103,FELONY POSSESSION STOLEN PROPERTY            ,42,26,19,21,24,16,24,11,33,16,20,21,11,15,20,16,13,12
,FORGERY/THEFT-FRAUD/IDENTITY THEFT                ,85,73,61,106,126,156,194,164,214,206,204,225,205,281,247,240,215,111
,ARSON                                 ,53,51,30,22,23,29,25,21,26,23,24,28,24,17,19,21,16,9
,FELONY SEX CRIMES (3),35,36,20,15,16,22,17,11,14,17,18,14,18,15,21,19,24,14
,FELONY DANGEROUS DRUGS  (1),761,468,361,290,387,459,402,417,467,358,279,269,332,385,300,325,282,245
,FELONY DANGEROUS WEAPONS (2)        ,39,43,51,47,48,80,88,105,110,135,184,148,188,374,218,182,217,134
,FEL. CRIMINAL MISCHIEF & RELATED OFFENSES  ,264,283,298,153,164,163,100,84,93,96,107,167,217,170,171,143,187,154
,OTHER FELONIES (4),148,165,129,159,158,147,183,195,185,224,296,212,245,295,288,315,278,232
,TOTAL NON-SEVEN MAJOR FELONY OFFENSES,1427,1145,969,813,946,1072,1033,1008,1142,1075,1132,1084,1240,1552,1284,1261,1232,911
104,FELONY POSSESSION STOLEN PROPERTY            ,24,15,26,12,15,10,15,5,2,10,12,5,6,5,18,19,12,11
,FORGERY/THEFT-FRAUD/IDENTITY THEFT                ,27,27,45,40,99,132,186,105,148,145,147,188,179,145,107,81,110,120
,ARSON                                 ,51,45,37,22,29,25,18,24,22,31,7,17,18,8,14,6,9,10
,FELONY SEX CRIMES (3),24,28,29,13,12,18,16,10,11,10,5,14,12,14,17,10,13,37
,FELONY DANGEROUS DRUGS  (1),259,237,214,230,348,410,494,381,277,280,318,250,272,214,180,172,109,135
,FELONY DANGEROUS WEAPONS (2)        ,15,23,37,41,62,71,97,60,25,29,51,48,33,26,29,33,14,16
,FEL. CRIMINAL MISCHIEF & RELATED OFFENSES  ,258,262,411,287,239,184,146,169,148,122,160,93,133,143,129,138,143,197
,OTHER FELONIES (4),97,83,87,60,72,84,130,104,83,137,114,95,128,190,228,181,209,198
,TOTAL NON-SEVEN MAJOR FELONY OFFENSES,755,720,886,705,876,934,1102,858,716,764,814,710,781,745,722,640,619,724
105,FELONY POSSESSION STOLEN PROPERTY            ,39,33,32,37,31,35,25,25,4,20,27,20,13,15,11,18,9,14
,FORGERY/THEFT-FRAUD/IDENTITY THEFT                ,64,67,61,84,128,203,177,144,160,125,169,195,181,143,213,258,214,186
,ARSON                                 ,56,52,38,19,34,27,26,34,29,26,24,22,23,8,13,14,17,10
,FELONY SEX CRIMES (3),26,34,33,27,19,16,21,17,21,12,17,10,20,19,13,17,14,19
,FELONY DANGEROUS DRUGS  (1),164,109,108,108,203,189,321,223,187,168,172,181,199,183,183,129,106,102
,FELONY DANGEROUS WEAPONS (2)        ,30,33,28,40,39,57,70,49,66,94,85,106,86,70,76,82,71,64
,FEL. CRIMINAL MISCHIEF & RELATED OFFENSES  ,315,476,436,297,203,321,284,313,215,235,227,320,282,282,310,314,370,332
,OTHER FELONIES (4),166,177,162,198,229,205,226,228,224,208,230,239,231,267,298,326,311,327
,TOTAL NON-SEVEN MAJOR FELONY OFFENSES,860,981,898,810,886,1053,1150,1033,906,888,951,1093,1035,987,1117,1158,1112,1054
106,FELONY POSSESSION STOLEN PROPERTY            ,32,14,23,9,9,10,8,10,5,6,9,9,12,9,13,10,20,18
,FORGERY/THEFT-FRAUD/IDENTITY THEFT                ,28,26,26,91,140,133,89,119,113,115,115,111,129,90,96,105,136,103
,ARSON                                 ,56,65,45,22,34,36,31,23,38,21,21,22,19,19,28,10,14,18
,FELONY SEX CRIMES (3),26,11,20,16,13,18,10,12,12,8,7,15,12,12,7,9,16,15
,FELONY DANGEROUS DRUGS  (1),125,74,75,93,154,176,189,281,156,118,136,119,105,170,152,148,152,136
,FELONY DANGEROUS WEAPONS (2)        ,17,25,29,9,11,32,45,71,78,90,62,66,32,47,31,38,63,57
,FEL. CRIMINAL MISCHIEF & RELATED OFFENSES  ,363,372,324,167,209,161,184,248,189,153,146,131,195,214,293,330,311,274
,OTHER FELONIES (4),106,120,83,97,128,96,125,145,141,183,185,154,149,182,157,174,183,204
,TOTAL NON-SEVEN MAJOR FELONY OFFENSES,753,707,625,504,698,662,681,909,732,694,681,627,653,743,777,824,895,825
107,FELONY POSSESSION STOLEN PROPERTY            ,13,9,8,3,11,6,19,7,13,4,6,5,3,5,10,2,1,13
,FORGERY/THEFT-FRAUD/IDENTITY THEFT                ,50,24,21,89,130,104,119,58,117,89,114,90,95,68,65,86,79,88
,ARSON                                 ,39,29,12,18,13,16,7,8,14,8,12,12,18,7,7,3,9,4
,FELONY SEX CRIMES (3),22,17,15,14,12,16,10,4,8,7,7,7,16,15,10,8,13,10
,FELONY DANGEROUS DRUGS  (1),36,42,35,47,44,68,89,89,85,73,77,85,70,77,78,54,76,103
,FELONY DANGEROUS WEAPONS (2)        ,18,16,14,10,9,17,54,34,14,24,27,27,42,29,31,18,25,35
,FEL. CRIMINAL MISCHIEF & RELATED OFFENSES  ,157,175,260,128,172,193,204,162,120,120,113,113,101,96,106,127,137,118
,OTHER FELONIES (4),84,71,75,89,92,100,98,85,97,66,80,78,81,104,126,121,134,144
,TOTAL NON-SEVEN MAJOR FELONY OFFENSES,419,383,440,398,483,520,600,447,468,391,436,417,426,401,433,419,474,515
108,FELONY POSSESSION STOLEN PROPERTY            ,12,13,15,13,10,10,7,6,6,6,4,7,4,10,1,4,8,11
,FORGERY/THEFT-FRAUD/IDENTITY THEFT                ,66,62,49,80,272,192,187,154,144,97,154,117,111,92,90,95,117,105
,ARSON                                 ,51,26,27,19,17,18,10,13,17,12,11,8,7,12,5,5,11,3
,FELONY SEX CRIMES (3),19,17,21,6,13,14,8,7,9,13,9,9,10,9,12,15,14,19
,FELONY DANGEROUS DRUGS  (1),88,61,49,46,88,97,90,110,57,65,75,90,50,60,44,54,54,43
,FELONY DANGEROUS WEAPONS (2)        ,14,11,7,9,13,12,15,9,13,19,20,11,8,8,16,10,6,16
,FEL. CRIMINAL MISCHIEF & RELATED OFFENSES  ,152,174,224,105,81,75,66,71,69,55,59,63,77,125,125,167,144,139
,OTHER FELONIES (4),96,89,89,94,67,83,69,116,96,76,76,77,112,120,104,105,97,134
,TOTAL NON-SEVEN MAJOR FELONY OFFENSES,498,453,481,372,561,501,452,486,411,343,408,382,379,436,397,455,451,470
109,FELONY POSSESSION STOLEN PROPERTY            ,10,10,16,11,11,11,10,13,11,9,4,4,4,13,13,4,7,7
,FORGERY/THEFT-FRAUD/IDENTITY THEFT                ,93,60,68,118,177,220,197,172,206,169,131,154,153,103,95,135,114,116
,ARSON                                 ,54,55,43,35,34,25,21,16,23,20,19,14,23,23,12,6,8,6
,FELONY SEX CRIMES (3),19,26,21,12,20,15,9,8,7,13,11,16,23,12,24,19,15,25
,FELONY DANGEROUS DRUGS  (1),127,101,101,129,141,205,194,104,99,148,192,165,225,256,157,179,132,140
,FELONY DANGEROUS WEAPONS (2)        ,22,18,16,16,26,22,29,38,26,39,32,21,29,21,16,21,20,28
,FEL. CRIMINAL MISCHIEF & RELATED OFFENSES  ,442,561,461,326,237,211,220,254,241,269,268,237,203,213,231,230,189,266
,OTHER FELONIES (4),138,103,91,148,134,111,156,148,152,192,174,179,189,239,248,259,268,212
,TOTAL NON-SEVEN MAJOR FELONY OFFENSES,905,934,817,795,780,820,836,753,765,859,831,790,849,880,796,853,753,800
110,FELONY POSSESSION STOLEN PROPERTY            ,22,26,23,15,20,19,8,12,8,1,5,9,18,28,3,7,9,4
,FORGERY/THEFT-FRAUD/IDENTITY THEFT                ,137,112,151,141,205,212,210,211,153,146,166,100,175,182,153,87,82,65
,ARSON                                 ,25,33,15,10,22,16,24,22,33,11,16,15,6,7,20,17,13,8
,FELONY SEX CRIMES (3),28,34,24,22,19,17,18,14,17,16,8,24,16,17,18,19,24,22
,FELONY DANGEROUS DRUGS  (1),262,160,167,124,165,133,196,157,143,96,104,139,95,130,111,127,128,107
,FELONY DANGEROUS WEAPONS (2)        ,17,16,22,27,24,30,26,32,28,28,42,44,29,17,17,22,37,16
,FEL. CRIMINAL MISCHIEF & RELATED OFFENSES  ,105,140,183,86,95,68,72,75,82,66,69,107,106,126,181,154,185,154
,OTHER FELONIES (4),112,92,93,107,105,93,81,114,94,77,96,120,132,121,153,145,126,153
,TOTAL NON-SEVEN MAJOR FELONY OFFENSES,708,613,678,532,655,588,635,637,558,441,506,558,577,628,656,578,604,529
111,FELONY POSSESSION STOLEN PROPERTY            ,6,14,7,6,3,5,5,2,2,2,5,2,2,3,3,3,3,1
,FORGERY/THEFT-FRAUD/IDENTITY THEFT                ,16,25,26,52,90,124,154,126,104,117,134,109,122,86,63,76,92,73
,ARSON                                 ,14,14,8,4,5,14,3,4,12,7,2,5,4,1,2,2,2,4
,FELONY SEX CRIMES (3),10,7,10,3,5,5,1,5,2,4,4,2,1,5,4,3,6,4
,FELONY DANGEROUS DRUGS  (1),36,39,46,37,24,26,43,37,44,36,50,36,43,26,37,51,32,24
,FELONY DANGEROUS WEAPONS (2)        ,2,14,6,9,2,11,16,9,9,23,6,8,4,5,4,5,5,1
,FEL. CRIMINAL MISCHIEF & RELATED OFFENSES  ,139,211,174,87,58,93,121,87,58,54,57,84,90,190,129,154,129,104
,OTHER FELONIES (4),56,48,60,81,81,57,78,43,60,50,77,73,59,63,49,57,60,68
,TOTAL NON-SEVEN MAJOR FELONY OFFENSES,279,372,337,279,268,335,421,313,291,293,335,319,325,379,291,351,329,279
112,FELONY POSSESSION STOLEN PROPERTY            ,3,11,5,6,7,1,3,9,4,3,4,4,4,4,4,2,1,3
,FORGERY/THEFT-FRAUD/IDENTITY THEFT                ,72,44,86,141,137,102,103,63,109,89,114,70,107,93,79,80,73,89
,ARSON                                 ,4,13,9,6,7,6,23,13,6,5,3,0,6,3,6,9,1,1
,FELONY SEX CRIMES (3),5,5,11,8,9,6,4,5,3,1,1,3,7,7,7,7,4,9
,FELONY DANGEROUS DRUGS  (1),22,20,44,27,29,26,54,52,57,75,43,51,33,40,24,24,29,21
,FELONY DANGEROUS WEAPONS (2)        ,2,2,7,4,10,5,9,8,3,6,2,3,2,7,4,9,9,3
,FEL. CRIMINAL MISCHIEF & RELATED OFFENSES  ,87,112,90,46,34,49,37,31,30,46,37,26,58,58,53,68,71,76
,OTHER FELONIES (4),58,46,43,56,49,48,45,50,50,35,39,46,44,41,54,61,60,52
,TOTAL NON-SEVEN MAJOR FELONY OFFENSES,253,253,295,294,282,243,278,231,262,260,243,203,261,253,231,260,248,254
113,FELONY POSSESSION STOLEN PROPERTY            ,100,79,68,64,56,36,25,35,28,32,43,53,70,43,25,46,33,35
,FORGERY/THEFT-FRAUD/IDENTITY THEFT                ,71,78,109,125,152,119,153,189,216,230,250,204,232,235,283,234,237,189
,ARSON                                 ,41,52,39,22,20,20,23,31,27,16,23,21,17,30,17,18,14,11
,FELONY SEX CRIMES (3),36,33,33,23,14,15,23,26,10,7,18,13,16,13,22,11,14,17
,FELONY DANGEROUS DRUGS  (1),525,384,400,274,354,436,444,471,345,307,255,327,263,261,257,233,207,163
,FELONY DANGEROUS WEAPONS (2)        ,104,79,108,78,80,135,115,136,163,208,201,236,250,237,222,140,166,142
,FEL. CRIMINAL MISCHIEF & RELATED OFFENSES  ,307,289,238,156,184,191,178,106,96,91,161,150,217,228,205,225,302,208
,OTHER FELONIES (4),207,198,232,243,194,250,200,299,358,332,406,369,415,486,539,462,436,392
,TOTAL NON-SEVEN MAJOR FELONY OFFENSES,1391,1192,1227,985,1054,1202,1161,1293,1243,1223,1357,1373,1480,1533,1570,1369,1409,1157
114,FELONY POSSESSION STOLEN PROPERTY            ,27,19,30,13,19,15,16,22,15,15,10,9,9,8,5,9,4,9
,FORGERY/THEFT-FRAUD/IDENTITY THEFT                ,53,78,66,110,209,245,250,293,195,149,109,128,152,157,146,135,143,137
,ARSON                                 ,57,47,35,17,38,24,18,21,18,25,12,10,17,14,10,9,22,18
,FELONY SEX CRIMES (3),39,28,28,22,14,20,19,14,8,9,23,14,23,24,20,22,41,23
,FELONY DANGEROUS DRUGS  (1),469,229,264,191,234,278,318,354,259,280,190,207,231,299,239,231,152,186
,FELONY DANGEROUS WEAPONS (2)        ,30,24,37,27,36,53,72,77,66,83,65,59,71,76,104,73,54,45
,FEL. CRIMINAL MISCHIEF & RELATED OFFENSES  ,263,304,304,103,131,147,121,123,117,139,147,242,178,150,235,213,274,227
,OTHER FELONIES (4),168,143,186,154,138,187,185,247,189,195,195,237,270,249,332,320,366,349
,TOTAL NON-SEVEN MAJOR FELONY OFFENSES,1106,872,950,637,819,969,999,1151,867,895,751,906,951,977,1091,1012,1056,994
115,FELONY POSSESSION STOLEN PROPERTY            ,25,22,20,25,20,13,18,18,24,13,21,17,11,19,11,8,5,20
,FORGERY/THEFT-FRAUD/IDENTITY THEFT                ,138,133,83,145,325,458,324,339,417,334,289,222,246,222,197,165,160,140
,ARSON                                 ,28,30,11,12,12,13,15,8,15,10,13,9,8,5,5,5,4,6
,FELONY SEX CRIMES (3),22,28,29,11,16,15,22,13,24,26,24,21,32,22,13,29,20,33
,FELONY DANGEROUS DRUGS  (1),381,233,255,233,245,234,305,195,218,276,227,189,160,212,177,196,163,170
,FELONY DANGEROUS WEAPONS (2)        ,35,19,37,28,39,62,54,53,45,45,34,39,65,92,61,73,78,67
,FEL. CRIMINAL MISCHIEF & RELATED OFFENSES  ,82,131,114,100,62,106,119,150,169,135,139,116,152,167,220,197,190,230
,OTHER FELONIES (4),127,132,125,123,134,140,145,148,161,159,156,156,136,183,261,193,216,213
,TOTAL NON-SEVEN MAJOR FELONY OFFENSES,838,728,674,677,853,1041,1002,924,1073,998,903,769,810,922,945,866,836,879
120,FELONY POSSESSION STOLEN PROPERTY            ,27,21,22,19,7,14,13,8,11,7,10,5,10,6,5,8,8,11
,FORGERY/THEFT-FRAUD/IDENTITY THEFT                ,99,76,135,162,175,174,200,204,169,171,205,222,182,97,63,97,94,97
,ARSON                                 ,92,55,70,43,62,56,61,47,67,38,50,34,42,44,22,24,29,7
,FELONY SEX CRIMES (3),35,30,17,17,27,17,32,36,27,37,50,28,24,27,18,21,15,17
,FELONY DANGEROUS DRUGS  (1),1378,837,604,394,444,718,889,854,723,717,609,474,348,307,233,231,244,298
,FELONY DANGEROUS WEAPONS (2)        ,48,48,27,30,47,43,103,87,125,132,154,150,130,83,49,51,90,84
,FEL. CRIMINAL MISCHIEF & RELATED OFFENSES  ,501,375,375,291,264,261,301,277,257,196,165,243,173,153,140,133,140,130
,OTHER FELONIES (4),205,187,262,256,221,216,208,229,229,233,195,204,201,181,169,195,246,251
,TOTAL NON-SEVEN MAJOR FELONY OFFENSES,2385,1629,1512,1212,1247,1499,1807,1742,1608,1531,1438,1360,1110,898,699,760,866,895
121,FELONY POSSESSION STOLEN PROPERTY            ,,,,,,,,,,,,,,0,16,7,9,6
,FORGERY/THEFT-FRAUD/IDENTITY THEFT                ,,,,,,,,,,,,,,51,99,88,93,69
,ARSON                                 ,,,,,,,,,,,,,,7,15,8,11,8
,FELONY SEX CRIMES (3),,,,,,,,,,,,,,10,19,14,12,11
,FELONY DANGEROUS DRUGS  (1),,,,,,,,,,,,,,129,248,271,262,166
,FELONY DANGEROUS WEAPONS (2)        ,,,,,,,,,,,,,,32,66,69,89,35
,FEL. CRIMINAL MISCHIEF & RELATED OFFENSES  ,,,,,,,,,,,,,,78,130,135,117,152
,OTHER FELONIES (4),,,,,,,,,,,,,,103,203,156,169,157
,TOTAL NON-SEVEN MAJOR FELONY OFFENSES,,,,,,,,,,,,,,410,796,748,762,604
122,FELONY POSSESSION STOLEN PROPERTY            ,10,8,12,12,8,8,15,6,5,7,6,9,3,4,4,7,1,5
,FORGERY/THEFT-FRAUD/IDENTITY THEFT                ,65,67,90,150,308,202,265,231,219,235,222,213,203,159,116,100,104,96
,ARSON                                 ,51,40,44,25,47,39,41,22,48,28,24,21,25,17,13,9,6,4
,FELONY SEX CRIMES (3),13,7,13,4,9,5,11,21,13,11,9,11,17,14,9,7,7,11
,FELONY DANGEROUS DRUGS  (1),150,127,157,115,126,100,197,228,271,267,224,237,227,201,139,89,129,92
,FELONY DANGEROUS WEAPONS (2)        ,13,14,5,8,12,11,17,19,36,34,48,53,57,45,19,14,19,7
,FEL. CRIMINAL MISCHIEF & RELATED OFFENSES  ,531,470,398,287,254,254,139,108,133,104,99,130,127,133,102,180,185,134
,OTHER FELONIES (4),158,171,209,166,172,144,146,157,148,150,136,138,186,156,201,216,247,237
,TOTAL NON-SEVEN MAJOR FELONY OFFENSES,991,904,928,767,936,763,831,792,873,836,768,812,845,729,603,622,698,586
123,FELONY POSSESSION STOLEN PROPERTY            ,2,3,5,9,3,2,10,2,4,1,0,0,1,1,1,5,2,0
,FORGERY/THEFT-FRAUD/IDENTITY THEFT                ,8,17,29,63,134,62,98,85,106,111,103,95,77,69,98,84,63,86
,ARSON                                 ,26,9,16,9,34,14,19,11,19,6,11,7,8,9,8,5,2,10
,FELONY SEX CRIMES (3),10,4,6,9,3,1,4,5,4,5,5,2,8,4,3,3,5,3
,FELONY DANGEROUS DRUGS  (1),39,32,41,36,38,35,87,63,100,97,60,69,76,122,150,116,94,95
,FELONY DANGEROUS WEAPONS (2)        ,2,2,4,4,6,6,6,14,11,16,6,6,7,13,11,8,14,31
,FEL. CRIMINAL MISCHIEF & RELATED OFFENSES  ,160,170,223,253,210,196,206,144,136,96,90,104,80,102,98,104,86,73
,OTHER FELONIES (4),77,48,64,42,45,50,37,37,42,35,57,30,36,41,49,51,62,76
,TOTAL NON-SEVEN MAJOR FELONY OFFENSES,324,285,388,425,473,366,467,361,422,367,332,313,293,361,418,376,328,374
DOC,FELONY POSSESSION STOLEN PROPERTY            ,,,,,,,,,,,,,,,0,0,0,0
,FORGERY/THEFT-FRAUD/IDENTITY THEFT                ,,,,,,,,,,,,,,,1,0,0,2
,ARSON                                 ,,,,,,,,,,,,,,,64,1,23,8
,FELONY SEX CRIMES (3),,,,,,,,,,,,,,,4,2,13,18
,FELONY DANGEROUS DRUGS  (1),,,,,,,,,,,,,,,9,0,0,0
,FELONY DANGEROUS WEAPONS (2)        ,,,,,,,,,,,,,,,0,1,1,3
,FEL. CRIMINAL MISCHIEF & RELATED OFFENSES  ,,,,,,,,,,,,,,,44,6,6,10
,OTHER FELONIES (4),,,,,,,,,,,,,,,289,342,317,263
,TOTAL NON-SEVEN MAJOR FELONY OFFENSES,,,,,,,,,,,,,,,411,352,360,304
,,,,,,,,,,,,,,,,,,,
,,,,,,,,,,,,,,,,,,,
CRIME CATEGORY NOTES,,,,,,,,,,,,,,,,,,,
"(1) Total of all top charge Felony Dangerous Drugs arrests made by all arresting agencies.  Contains Criminal Possession of a Controlled Substance, Criminal ",,,,,,,,,,,,,,,,,,,
"     Sale of Controlled Substance, Criminal Sale Controlled Substance on School Grounds, Criminal Injection Narcotic Drug, Criminally Using Drug Paraphernalia,",,,,,,,,,,,,,,,,,,,
"     Criminal Possession of Precursors of Controlled Substance, Criminal Sale of Prescription for Controlled Substance, Criminal Possession of Marijuana, and",,,,,,,,,,,,,,,,,,,
     Criminal Sale of Marijuana,,,,,,,,,,,,,,,,,,,
"(2) Contains Criminal Possession of Weapon, Criminal Use of Firearm, Manufacture Transport Disposition and Defacement of Weapons, Criminal Sale  ",,,,,,,,,,,,,,,,,,,
"     of a Firearm, Criminal Sale of Firearm with Aid of Minor, Criminal Sale of Firearm to a Minor,   ",,,,,,,,,,,,,,,,,,,
"(3) Contains Criminal Sexual Act, Sexual Abuse, Persistent Sexual Abuse, Agg. Sexual Abuse, Course of Sexual Conduct Against a Child, Female Genital Mutilation, ",,,,,,,,,,,,,,,,,,,
"     Facilitate Sexual Offense with Controlled Substance, Obscenity, Incest, and Disseminating Indecent Materials to Minors ",,,,,,,,,,,,,,,,,,,
"(4) Contains primarily the Penal Law offenses of Criminal Contempt 1, Reckless Endangerment 1 and Aggravated Harassment 1 as well as Other State Laws (Tax Law, ABC, etc.)",,,,,,,,,,,,,,,,,,,
Green highlights represent categories where a substantial portion of the complaint counts are generated as a result of the implementation,,,,,,,,,,,,,,,,,,,
of pro-active policing strategies,,,,,,,,,,,,,,,,,,,
,,,,,,,,,,,,,,,,,,,
STATISTICAL NOTES,,,,,,,,,,,,,,,,,,,
1. 2000-2005 Data Source-Historical Comfinal data including Complaint Follow-Up data.  Compiled from aggregated monthly tapes 2000 thru 2005.,,,,,,,,,,,,,,,,,,,
2. 2006-2016 Data Source-CDW Omniform System and S-DD5 System (Complaint Follow Up) data by record create date.  ,,,,,,,,,,,,,,,,,,,
3. 2000-2009 data as of 12/8/2010.  2010 data as of 1/18/2011. 2011 data as of 1/18/2012. 2012 data as of 4/1/2013. 2013 data as of 1/17/2014. 2014 data as of 1/16/2015. 2015 data as of 1/18/2016. 2016 data as of 1/16/2017. 2017 data as of 1/17/2018.,,,,,,,,,,,,,,,,,,,
,,,,,,,,,,,,,,,,,,,
"4. On Sept. 28, 2012, there was a re-alignment of the boundaries of the 077, 078, and 088 precincts.  Therefore statistics for the 077, 078, and 088 precincts following 2011 are not comparable to earlier years.",,,,,,,,,,,,,,,,,,,
,,,,,,,,,,,,,,,,,,,
5. The 121 pct was created on 7-1-2013 from parts of the 120 and 122 precinct.  Therefore statistics for 120 and 122 precincts following 2012 are not comparable to earlier years.,,,,,,,,,,,,,,,,,,,
"6. As of 1-1-2014 complaints occurring within the jurisdiction of the Department of Correction have been disaggregated from the precinct crime totals and are denoted in ""Pct"" column as ""DOC"".",,,,,,,,,,,,,,,,,,,
