NEIGHBORHOOD,BOROUGH,BUILDING_CLASS_CATEGORY,MIN_SALE_PRICE_2017_2018,MAX_SALE_PRICE_2017_2018,AVERAGE_SALE_PRICE_2017_2018,NUMBER_OF_SALES
Baychester,BRONX,Coop_Elevator,129500.0,136000.0,133250.0,4
Baychester,BRONX,One_Family,127000.0,784000.0,366565.8064516129,93
Baychester,BRONX,Three_Family,229000.0,764000.0,575538.75,32
Baychester,BRONX,Two_Family,150000.0,925881.0,495201.1395348837,129
Belmont,BRONX,Coop_Walkup,1150000.0,1150000.0,1150000.0,2
Belmont,BRONX,One_Family,300000.0,450000.0,351000.0,3
Belmont,BRONX,Three_Family,180000.0,1750000.0,669888.6363636364,11
Belmont,BRONX,Two_Family,200000.0,1450000.0,563472.2222222222,18
Bronxdale,BRONX,Condo_Elevator,112558.0,260000.0,183710.8,10
Bronxdale,BRONX,Coop_Elevator,105000.0,270000.0,163534.52380952382,42
Bronxdale,BRONX,Coop_Walkup,119000.0,140000.0,129500.0,2
Bronxdale,BRONX,One_Family,110000.0,1800000.0,414834.98387096776,62
Bronxdale,BRONX,Three_Family,262250.0,2600000.0,650960.5263157894,19
Bronxdale,BRONX,Two_Family,150000.0,910000.0,501779.0229885057,87
Castle Hill,BRONX,Coop_Elevator,115000.0,150000.0,140000.0,4
Castle Hill,BRONX,One_Family,260000.0,510000.0,401593.75,24
Castle Hill,BRONX,Three_Family,289000.0,775000.0,565630.9523809524,21
Castle Hill,BRONX,Two_Family,175000.0,966119.0,508872.60655737703,61
City Island,BRONX,Coop_Walkup,245000.0,392500.0,318750.0,2
City Island,BRONX,One_Family,155497.0,1661000.0,496373.13513513515,37
City Island,BRONX,Two_Family,302500.0,730000.0,484375.0,8
Co-op City,BRONX,One_Family,330000.0,330000.0,330000.0,1
Concourse,BRONX,Coop_Elevator,106056.0,510000.0,272654.8714285714,70
Concourse,BRONX,One_Family,158000.0,615000.0,387765.0,10
Concourse,BRONX,Three_Family,280000.0,710000.0,574487.3684210526,19
Concourse,BRONX,Two_Family,125000.0,690000.0,405042.5,16
Country Club,BRONX,Coop_Elevator,105000.0,155000.0,121666.66666666667,3
Country Club,BRONX,One_Family,155000.0,1535000.0,499407.4492753623,69
Country Club,BRONX,Three_Family,445000.0,925000.0,757500.0,6
Country Club,BRONX,Two_Family,110000.0,1150000.0,633742.487804878,41
Crotona Park,BRONX,One_Family,185000.0,515000.0,320416.4285714286,7
Crotona Park,BRONX,Three_Family,250000.0,765000.0,543875.0,8
Crotona Park,BRONX,Two_Family,270000.0,935000.0,518380.8125,16
Fieldston,BRONX,Coop_Elevator,140000.0,417215.0,205008.53333333333,15
Fieldston,BRONX,Coop_Walkup,185500.0,185500.0,185500.0,1
Fieldston,BRONX,One_Family,445000.0,3075000.0,1624720.0,15
Fieldston,BRONX,Three_Family,725000.0,900000.0,812500.0,2
Fieldston,BRONX,Two_Family,850000.0,850000.0,850000.0,1
Fordham,BRONX,Coop_Elevator,128000.0,300000.0,198100.0,5
Fordham,BRONX,One_Family,150000.0,975000.0,423099.25,8
Fordham,BRONX,Three_Family,165000.0,850000.0,430200.0,5
Fordham,BRONX,Two_Family,260000.0,2600000.0,679542.0,20
Highbridge,BRONX,Condo_Elevator,230000.0,230000.0,230000.0,1
Highbridge,BRONX,Coop_Elevator,105000.0,149550.0,127275.0,2
Highbridge,BRONX,One_Family,173000.0,1500000.0,465807.5,12
Highbridge,BRONX,Three_Family,130000.0,980000.0,571993.6842105263,19
Highbridge,BRONX,Two_Family,130000.0,1550000.0,458264.30303030304,33
Hunts Point,BRONX,One_Family,390000.0,390000.0,390000.0,1
Hunts Point,BRONX,Three_Family,217500.0,755000.0,550312.5,8
Hunts Point,BRONX,Two_Family,145000.0,700000.0,432813.3333333333,12
Kingsbridge,BRONX,Condo_Elevator,430000.0,640000.0,568953.3333333334,3
Kingsbridge,BRONX,Condo_Walkup,262000.0,262000.0,262000.0,1
Kingsbridge,BRONX,Coop_Elevator,108000.0,395000.0,195308.93333333332,75
Kingsbridge,BRONX,One_Family,330000.0,825000.0,553637.5,20
Kingsbridge,BRONX,Three_Family,285000.0,1100000.0,643338.8888888889,9
Kingsbridge,BRONX,Two_Family,288750.0,995000.0,579416.6666666666,15
Longwood,BRONX,Condo_Elevator,205000.0,270000.0,230750.0,4
Longwood,BRONX,Condo_Walkup,125000.0,260000.0,169073.14285714287,7
Longwood,BRONX,Coop_Elevator,163725.0,163725.0,163725.0,1
Longwood,BRONX,Coop_Walkup,110000.0,140000.0,125000.0,3
Longwood,BRONX,One_Family,223250.0,1.2303058E7,844825.2592592592,27
Longwood,BRONX,Three_Family,150000.0,805000.0,517300.578125,64
Longwood,BRONX,Two_Family,150000.0,703101.0,414900.1153846154,52
Melrose,BRONX,Coop_Elevator,106056.0,510000.0,272654.8714285714,70
Melrose,BRONX,One_Family,158000.0,615000.0,387765.0,10
Melrose,BRONX,Three_Family,280000.0,710000.0,574487.3684210526,19
Melrose,BRONX,Two_Family,125000.0,690000.0,405042.5,16
Morris Heights,BRONX,Condo_Elevator,230000.0,230000.0,230000.0,1
Morris Heights,BRONX,Coop_Elevator,105000.0,149550.0,127275.0,2
Morris Heights,BRONX,One_Family,173000.0,1500000.0,465807.5,12
Morris Heights,BRONX,Three_Family,130000.0,980000.0,571993.6842105263,19
Morris Heights,BRONX,Two_Family,130000.0,1550000.0,458264.30303030304,33
Morris Park,BRONX,Coop_Elevator,115000.0,245000.0,167787.85714285713,14
Morris Park,BRONX,One_Family,200000.0,640389.0,439195.86666666664,45
Morris Park,BRONX,Three_Family,140000.0,925000.0,581498.5151515151,33
Morris Park,BRONX,Two_Family,320000.0,1300000.0,541988.1208791209,91
Morrisania,BRONX,Condo_Elevator,205000.0,270000.0,230750.0,4
Morrisania,BRONX,Condo_Walkup,125000.0,260000.0,169073.14285714287,7
Morrisania,BRONX,Coop_Elevator,163725.0,163725.0,163725.0,1
Morrisania,BRONX,Coop_Walkup,110000.0,140000.0,125000.0,3
Morrisania,BRONX,One_Family,223250.0,1.2303058E7,844825.2592592592,27
Morrisania,BRONX,Three_Family,150000.0,805000.0,517300.578125,64
Morrisania,BRONX,Two_Family,150000.0,703101.0,414900.1153846154,52
Mott Haven,BRONX,Condo_Walkup,765000.0,765000.0,765000.0,1
Mott Haven,BRONX,Coop_Walkup,107000.0,107000.0,107000.0,1
Mott Haven,BRONX,One_Family,247000.0,1100000.0,545375.0,20
Mott Haven,BRONX,Three_Family,381000.0,705000.0,589782.4545454546,11
Mott Haven,BRONX,Two_Family,410036.0,800000.0,593570.8235294118,17
Mount Eden,BRONX,Coop_Elevator,170000.0,180000.0,176633.33333333334,3
Mount Eden,BRONX,One_Family,308220.0,1000000.0,578622.0,10
Mount Eden,BRONX,Three_Family,395000.0,1850000.0,690369.05,20
Mount Eden,BRONX,Two_Family,250000.0,2350000.0,631112.0909090909,11
Mount Hope,BRONX,Coop_Elevator,170000.0,180000.0,176633.33333333334,3
Mount Hope,BRONX,One_Family,308220.0,1000000.0,578622.0,10
Mount Hope,BRONX,Three_Family,395000.0,1850000.0,690369.05,20
Mount Hope,BRONX,Two_Family,250000.0,2350000.0,631112.0909090909,11
Norwood,BRONX,Condo_Walkup,185000.0,185000.0,185000.0,1
Norwood,BRONX,Coop_Elevator,110000.0,305000.0,169514.1,40
Norwood,BRONX,Coop_Walkup,110000.0,110000.0,110000.0,1
Norwood,BRONX,One_Family,210000.0,540000.0,387791.05,20
Norwood,BRONX,Three_Family,110000.0,1221900.0,627181.25,16
Norwood,BRONX,Two_Family,120000.0,995000.0,487236.5263157895,38
Parkchester,BRONX,Condo_Elevator,101850.0,313180.0,142442.15040650408,246
Parkchester,BRONX,Coop_Elevator,110000.0,300000.0,153966.66666666666,15
Parkchester,BRONX,One_Family,150000.0,999500.0,442176.2,5
Parkchester,BRONX,Three_Family,241232.0,746000.0,550968.6551724138,29
Parkchester,BRONX,Two_Family,200000.0,1272812.0,511815.652173913,23
Pelham Bay,BRONX,Condo_Elevator,125000.0,300000.0,212500.0,2
Pelham Bay,BRONX,Coop_Elevator,102500.0,170000.0,127369.23076923077,13
Pelham Bay,BRONX,One_Family,170000.0,599000.0,413650.6,45
Pelham Bay,BRONX,Three_Family,499890.0,990000.0,689533.0,19
Pelham Bay,BRONX,Two_Family,162240.0,900000.0,545249.1408450705,71
Pelham Gardens,BRONX,One_Family,212472.0,730000.0,517634.17647058825,34
Pelham Gardens,BRONX,Three_Family,673100.0,673100.0,673100.0,1
Pelham Gardens,BRONX,Two_Family,125000.0,875000.0,581083.3333333334,12
Port Morris,BRONX,Condo_Walkup,765000.0,765000.0,765000.0,1
Port Morris,BRONX,Coop_Walkup,107000.0,107000.0,107000.0,1
Port Morris,BRONX,One_Family,247000.0,1100000.0,545375.0,20
Port Morris,BRONX,Three_Family,381000.0,705000.0,589782.4545454546,11
Port Morris,BRONX,Two_Family,410036.0,800000.0,593570.8235294118,17
Riverdale,BRONX,Condo_Elevator,140000.0,1450000.0,651496.5952380953,42
Riverdale,BRONX,Condo_Walkup,480000.0,710000.0,578254.6666666666,3
Riverdale,BRONX,Coop_Elevator,107000.0,1100000.0,302920.66524520254,469
Riverdale,BRONX,Coop_Walkup,170000.0,640000.0,400312.5,8
Riverdale,BRONX,One_Family,170000.0,3650000.0,1052347.775510204,49
Riverdale,BRONX,Three_Family,700000.0,1080000.0,887250.0,4
Riverdale,BRONX,Two_Family,545000.0,1190000.0,813200.0,10
Schuylerville,BRONX,Condo_Elevator,125000.0,300000.0,212500.0,2
Schuylerville,BRONX,Coop_Elevator,102500.0,170000.0,127369.23076923077,13
Schuylerville,BRONX,One_Family,170000.0,599000.0,413650.6,45
Schuylerville,BRONX,Three_Family,499890.0,990000.0,689533.0,19
Schuylerville,BRONX,Two_Family,162240.0,900000.0,545249.1408450705,71
Soundview,BRONX,Condo_Walkup,244126.0,375000.0,299875.0909090909,11
Soundview,BRONX,Coop_Elevator,150000.0,300000.0,209028.5,20
Soundview,BRONX,One_Family,105000.0,480000.0,349812.4146341463,41
Soundview,BRONX,Three_Family,150000.0,944809.0,521921.9016393443,61
Soundview,BRONX,Two_Family,162000.0,790000.0,484936.26923076925,130
Throgs Neck,BRONX,Condo_Walkup,193975.0,367000.0,305469.44444444444,9
Throgs Neck,BRONX,One_Family,117000.0,1112110.0,403534.4895104895,143
Throgs Neck,BRONX,Three_Family,282500.0,785000.0,570954.5454545454,11
Throgs Neck,BRONX,Two_Family,134355.0,1030789.0,555734.5339805825,103
Tremont,BRONX,Condo_Elevator,270000.0,270000.0,270000.0,1
Tremont,BRONX,Condo_Walkup,199000.0,199000.0,199000.0,1
Tremont,BRONX,Coop_Walkup,170000.0,750000.0,556666.6666666666,3
Tremont,BRONX,One_Family,175500.0,900000.0,476687.5,8
Tremont,BRONX,Three_Family,295074.0,815000.0,581695.24,25
Tremont,BRONX,Two_Family,150000.0,1100000.0,467523.8095238095,21
Unionport,BRONX,Coop_Elevator,115000.0,150000.0,140000.0,4
Unionport,BRONX,One_Family,260000.0,510000.0,401593.75,24
Unionport,BRONX,Three_Family,289000.0,775000.0,565630.9523809524,21
Unionport,BRONX,Two_Family,175000.0,966119.0,508872.60655737703,61
University Heights,BRONX,Coop_Elevator,102000.0,255000.0,163155.35294117648,34
University Heights,BRONX,One_Family,200000.0,890000.0,448833.3333333333,15
University Heights,BRONX,Three_Family,303000.0,777500.0,532619.5714285715,7
University Heights,BRONX,Two_Family,220000.0,825000.0,475700.0,12
Van Cortlandt Park,BRONX,Coop_Elevator,102500.0,179900.0,149350.0,4
Van Nest,BRONX,Coop_Elevator,115000.0,245000.0,167787.85714285713,14
Van Nest,BRONX,One_Family,200000.0,640389.0,439195.86666666664,45
Van Nest,BRONX,Three_Family,140000.0,925000.0,581498.5151515151,33
Van Nest,BRONX,Two_Family,320000.0,1300000.0,541988.1208791209,91
Wakefield,BRONX,One_Family,170000.0,780140.0,370362.17307692306,52
Wakefield,BRONX,Three_Family,340000.0,730000.0,499792.6,10
Wakefield,BRONX,Two_Family,125000.0,5400000.0,522157.2921348315,89
Westchester Square,BRONX,Coop_Walkup,108900.0,141000.0,122414.28571428571,7
Westchester Square,BRONX,One_Family,280000.0,575000.0,424994.44444444444,18
Westchester Square,BRONX,Three_Family,243000.0,725000.0,560727.2727272727,11
Westchester Square,BRONX,Two_Family,175000.0,997000.0,518158.4791666667,48
Williamsbridge,BRONX,Condo_Elevator,187000.0,187000.0,187000.0,1
Williamsbridge,BRONX,Condo_Walkup,121500.0,172598.0,147049.0,2
Williamsbridge,BRONX,Coop_Elevator,101400.0,215000.0,134766.66666666666,9
Williamsbridge,BRONX,One_Family,110000.0,644661.0,356621.77611940296,67
Williamsbridge,BRONX,Three_Family,350000.0,730000.0,596819.0,48
Williamsbridge,BRONX,Two_Family,122000.0,894164.0,474717.7743902439,164
Woodlawn,BRONX,Coop_Elevator,110000.0,236000.0,157563.16,25
Woodlawn,BRONX,One_Family,330000.0,765000.0,489551.44444444444,18
Woodlawn,BRONX,Three_Family,560000.0,695000.0,633000.0,5
Woodlawn,BRONX,Two_Family,400000.0,742500.0,565606.4285714285,14
Bath Beach,BROOKLYN,Condo_Elevator,290000.0,690000.0,538333.3333333334,3
Bath Beach,BROOKLYN,Condo_Walkup,475000.0,780000.0,643600.0,5
Bath Beach,BROOKLYN,Coop_Elevator,210000.0,399000.0,278500.0,4
Bath Beach,BROOKLYN,Coop_Walkup,210000.0,435000.0,292069.7894736842,19
Bath Beach,BROOKLYN,One_Family,651000.0,2050000.0,915200.0,15
Bath Beach,BROOKLYN,Three_Family,308800.0,2375000.0,1240588.5238095238,21
Bath Beach,BROOKLYN,Two_Family,150000.0,4680000.0,1150971.7931034483,58
Bay Ridge,BROOKLYN,Condo_Elevator,338000.0,1900000.0,829283.4210526316,19
Bay Ridge,BROOKLYN,Condo_Walkup,850000.0,850000.0,850000.0,1
Bay Ridge,BROOKLYN,Coop_Elevator,115000.0,960000.0,368520.8149779736,227
Bay Ridge,BROOKLYN,Coop_Walkup,115000.0,650000.0,326528.7586206897,29
Bay Ridge,BROOKLYN,One_Family,210000.0,3527000.0,1175226.7542372881,118
Bay Ridge,BROOKLYN,Three_Family,800000.0,2150000.0,1447481.0,12
Bay Ridge,BROOKLYN,Two_Family,145700.0,3075000.0,1234240.8,110
Bedford-Stuyvesant,BROOKLYN,Condo_Elevator,175000.0,1250000.0,773984.2588235295,85
Bedford-Stuyvesant,BROOKLYN,Condo_Walkup,120000.0,1350000.0,778462.3,20
Bedford-Stuyvesant,BROOKLYN,Coop_Walkup,465000.0,465000.0,465000.0,1
Bedford-Stuyvesant,BROOKLYN,One_Family,152000.0,2450000.0,1010627.4166666666,36
Bedford-Stuyvesant,BROOKLYN,Three_Family,135000.0,3500000.0,1367610.4830508474,118
Bedford-Stuyvesant,BROOKLYN,Two_Family,164000.0,3300000.0,1289481.3228346456,254
Bensonhurst,BROOKLYN,Condo_Elevator,410670.0,794235.0,601687.4347826086,23
Bensonhurst,BROOKLYN,Condo_Walkup,450000.0,625000.0,563333.3333333334,3
Bensonhurst,BROOKLYN,Coop_Elevator,182500.0,364900.0,255041.66666666666,12
Bensonhurst,BROOKLYN,Coop_Walkup,165000.0,340000.0,230000.0,5
Bensonhurst,BROOKLYN,One_Family,500000.0,3000000.0,1014694.0476190476,42
Bensonhurst,BROOKLYN,Three_Family,300000.0,2138325.0,1405388.1842105263,38
Bensonhurst,BROOKLYN,Two_Family,530000.0,1950000.0,1190609.6355140186,107
Bergen Beach,BROOKLYN,Condo_Elevator,345000.0,569000.0,518250.0,12
Bergen Beach,BROOKLYN,One_Family,325000.0,1580000.0,726802.6315789474,38
Bergen Beach,BROOKLYN,Three_Family,425000.0,950000.0,752088.8181818182,11
Bergen Beach,BROOKLYN,Two_Family,491000.0,1155000.0,756681.8181818182,33
Boerum Hill,BROOKLYN,Condo_Elevator,101825.0,5238255.0,1644156.7808219178,73
Boerum Hill,BROOKLYN,Condo_Walkup,925000.0,2030000.0,1347388.888888889,9
Boerum Hill,BROOKLYN,Coop_Elevator,725000.0,2195000.0,1178250.0,4
Boerum Hill,BROOKLYN,Coop_Walkup,455000.0,1950000.0,922361.2,10
Boerum Hill,BROOKLYN,One_Family,2100000.0,4950000.0,3712493.727272727,11
Boerum Hill,BROOKLYN,Three_Family,2050000.0,3825000.0,2821666.6666666665,6
Boerum Hill,BROOKLYN,Two_Family,227657.0,5850000.0,3076689.785714286,14
Borough Park,BROOKLYN,Condo_Elevator,340000.0,962562.0,660680.6923076923,26
Borough Park,BROOKLYN,Condo_Walkup,423000.0,990000.0,664425.8823529412,17
Borough Park,BROOKLYN,Coop_Elevator,335000.0,520000.0,393833.3333333333,6
Borough Park,BROOKLYN,Coop_Walkup,230000.0,725000.0,466141.36363636365,11
Borough Park,BROOKLYN,One_Family,168421.0,4400000.0,1235072.1538461538,52
Borough Park,BROOKLYN,Three_Family,108000.0,4300000.0,1422342.9714285715,70
Borough Park,BROOKLYN,Two_Family,175455.0,4300000.0,1226727.847682119,151
Brighton Beach,BROOKLYN,Condo_Elevator,160000.0,2800000.0,806109.7764705883,85
Brighton Beach,BROOKLYN,Condo_Walkup,410000.0,628000.0,519000.0,2
Brighton Beach,BROOKLYN,Coop_Elevator,101000.0,745000.0,360473.2894736842,76
Brighton Beach,BROOKLYN,Coop_Walkup,189000.0,250000.0,224125.0,4
Brighton Beach,BROOKLYN,One_Family,243800.0,995000.0,541825.7,10
Brighton Beach,BROOKLYN,Three_Family,290000.0,1450000.0,796538.4615384615,13
Brighton Beach,BROOKLYN,Two_Family,455000.0,900000.0,654175.125,16
Brooklyn Heights,BROOKLYN,Condo_Elevator,579956.0,1.0248024E7,2904095.43373494,83
Brooklyn Heights,BROOKLYN,Condo_Walkup,799280.0,799280.0,799280.0,1
Brooklyn Heights,BROOKLYN,Coop_Elevator,150000.0,3775000.0,907485.7482993198,147
Brooklyn Heights,BROOKLYN,Coop_Walkup,235000.0,3500000.0,1219141.725,40
Brooklyn Heights,BROOKLYN,One_Family,447300.0,1.29E7,6904630.0,10
Brooklyn Heights,BROOKLYN,Three_Family,4950000.0,4950000.0,4950000.0,1
Brooklyn Heights,BROOKLYN,Two_Family,4375000.0,7630000.0,5831666.666666667,6
Brownsville,BROOKLYN,One_Family,170084.0,520000.0,376680.8,45
Brownsville,BROOKLYN,Three_Family,575000.0,770000.0,676071.4285714285,7
Brownsville,BROOKLYN,Two_Family,140000.0,909000.0,538419.0652173914,46
Bushwick,BROOKLYN,Condo_Elevator,190632.0,999999.0,567648.0833333334,12
Bushwick,BROOKLYN,Coop_Walkup,255000.0,429000.0,328000.0,3
Bushwick,BROOKLYN,One_Family,585000.0,1220000.0,913130.7692307692,13
Bushwick,BROOKLYN,Three_Family,338000.0,1775000.0,1010492.802631579,76
Bushwick,BROOKLYN,Two_Family,250000.0,4600000.0,989948.3933333333,150
Canarsie,BROOKLYN,Condo_Elevator,225000.0,360000.0,301750.0,6
Canarsie,BROOKLYN,Condo_Walkup,175000.0,360000.0,291333.3333333333,3
Canarsie,BROOKLYN,Coop_Walkup,140000.0,185000.0,153857.14285714287,7
Canarsie,BROOKLYN,One_Family,125000.0,740000.0,441630.5327102804,107
Canarsie,BROOKLYN,Three_Family,130000.0,860000.0,606643.7142857143,42
Canarsie,BROOKLYN,Two_Family,109343.0,1215625.0,565419.7419354839,279
Carroll Gardens,BROOKLYN,Condo_Elevator,635000.0,2980000.0,1087247.5,14
Carroll Gardens,BROOKLYN,Condo_Walkup,375000.0,900000.0,751000.0,4
Carroll Gardens,BROOKLYN,Coop_Walkup,356250.0,1700000.0,979963.2272727273,22
Carroll Gardens,BROOKLYN,One_Family,1700000.0,9150000.0,4041000.0,5
Carroll Gardens,BROOKLYN,Three_Family,700000.0,3250000.0,2549176.470588235,17
Carroll Gardens,BROOKLYN,Two_Family,400000.0,5000000.0,2904615.3846153845,13
Clinton Hill,BROOKLYN,Condo_Elevator,163567.0,2618679.0,912219.4408602151,93
Clinton Hill,BROOKLYN,Condo_Walkup,500000.0,1650000.0,955253.5714285715,14
Clinton Hill,BROOKLYN,Coop_Elevator,150000.0,1434000.0,643731.2524271845,103
Clinton Hill,BROOKLYN,Coop_Walkup,455000.0,1256700.0,914140.0,5
Clinton Hill,BROOKLYN,One_Family,1745000.0,3350000.0,2632984.6,5
Clinton Hill,BROOKLYN,Three_Family,633333.0,3050000.0,2178756.3846153845,13
Clinton Hill,BROOKLYN,Two_Family,500000.0,3939998.0,2119457.75,20
Cobble Hill,BROOKLYN,Condo_Elevator,600000.0,2625000.0,1311222.2222222222,18
Cobble Hill,BROOKLYN,Condo_Walkup,425000.0,2325000.0,899069.52,25
Cobble Hill,BROOKLYN,Coop_Elevator,350000.0,816000.0,660250.0,6
Cobble Hill,BROOKLYN,Coop_Walkup,375000.0,1975000.0,997321.4285714285,14
Cobble Hill,BROOKLYN,One_Family,1490000.0,5581000.0,2534200.0,5
Cobble Hill,BROOKLYN,Three_Family,337240.0,6750000.0,3367448.0,5
Cobble Hill,BROOKLYN,Two_Family,1900000.0,6325000.0,3951272.727272727,11
Coney Island,BROOKLYN,Condo_Elevator,332000.0,775000.0,520594.5945945946,37
Coney Island,BROOKLYN,Coop_Elevator,205000.0,560000.0,359473.1612903226,93
Coney Island,BROOKLYN,One_Family,340000.0,650000.0,513640.0,25
Coney Island,BROOKLYN,Three_Family,650000.0,1081898.0,921864.6,10
Coney Island,BROOKLYN,Two_Family,200000.0,875000.0,527827.8333333334,6
Crown Heights,BROOKLYN,Condo_Elevator,455000.0,2400000.0,874607.8,65
Crown Heights,BROOKLYN,Condo_Walkup,250000.0,1318633.0,673230.9534883721,43
Crown Heights,BROOKLYN,Coop_Elevator,150000.0,864000.0,491384.6153846154,13
Crown Heights,BROOKLYN,Coop_Walkup,140000.0,875000.0,332636.36363636365,11
Crown Heights,BROOKLYN,One_Family,110000.0,5450000.0,1256621.5675675676,37
Crown Heights,BROOKLYN,Three_Family,356125.0,2500000.0,1250545.5909090908,44
Crown Heights,BROOKLYN,Two_Family,172500.0,4026000.0,1145462.8134328357,134
Cypress Hills,BROOKLYN,Coop_Elevator,210000.0,210000.0,210000.0,1
Cypress Hills,BROOKLYN,One_Family,131000.0,937500.0,470581.5641025641,39
Cypress Hills,BROOKLYN,Three_Family,160000.0,1650000.0,621402.8709677419,31
Cypress Hills,BROOKLYN,Two_Family,157268.0,935000.0,582075.112,125
Downtown Brooklyn,BROOKLYN,Condo_Elevator,403650.0,1.527375E7,1744280.210031348,319
Downtown Brooklyn,BROOKLYN,Coop_Elevator,153000.0,1850000.0,675655.7692307692,52
Downtown Brooklyn,BROOKLYN,Coop_Walkup,576330.0,1250000.0,808776.6666666666,3
Downtown Brooklyn,BROOKLYN,One_Family,3995000.0,4010000.0,4002500.0,2
Downtown Brooklyn,BROOKLYN,Three_Family,2025000.0,2025000.0,2025000.0,1
Dyker Heights,BROOKLYN,Condo_Elevator,480000.0,480000.0,480000.0,1
Dyker Heights,BROOKLYN,One_Family,200000.0,3380000.0,1000379.85,80
Dyker Heights,BROOKLYN,Three_Family,900000.0,2500000.0,1358523.8095238095,21
Dyker Heights,BROOKLYN,Two_Family,160000.0,1750000.0,1164507.843137255,51
East Flatbush,BROOKLYN,Condo_Walkup,315000.0,450000.0,390833.3333333333,3
East Flatbush,BROOKLYN,Coop_Elevator,125000.0,525000.0,238766.90476190476,63
East Flatbush,BROOKLYN,One_Family,106500.0,1210000.0,549490.6798029557,203
East Flatbush,BROOKLYN,Three_Family,210000.0,1275000.0,685916.0,43
East Flatbush,BROOKLYN,Two_Family,140000.0,1650000.0,591332.75147929,169
East New York,BROOKLYN,Condo_Elevator,133000.0,378000.0,275675.0,29
East New York,BROOKLYN,Condo_Walkup,200000.0,356500.0,286800.0,5
East New York,BROOKLYN,One_Family,139000.0,900000.0,399679.34653465345,101
East New York,BROOKLYN,Three_Family,200000.0,1275000.0,622032.5308641975,81
East New York,BROOKLYN,Two_Family,110000.0,2800000.0,547652.733974359,312
Flatbush,BROOKLYN,Condo_Elevator,255000.0,1284013.0,650107.5882352941,68
Flatbush,BROOKLYN,Condo_Walkup,250000.0,810000.0,587071.0714285715,14
Flatbush,BROOKLYN,Coop_Elevator,150000.0,1350000.0,448854.6379310345,116
Flatbush,BROOKLYN,Coop_Walkup,299000.0,510000.0,429666.6666666667,3
Flatbush,BROOKLYN,One_Family,120000.0,3000000.0,1045875.9032258064,124
Flatbush,BROOKLYN,Three_Family,140000.0,1900000.0,824955.3888888889,36
Flatbush,BROOKLYN,Two_Family,170000.0,5150000.0,852589.9647887324,142
Flatlands,BROOKLYN,Coop_Elevator,114000.0,230000.0,182021.36363636365,22
Flatlands,BROOKLYN,One_Family,156334.0,950000.0,498579.4038461539,52
Flatlands,BROOKLYN,Three_Family,835000.0,835000.0,835000.0,1
Flatlands,BROOKLYN,Two_Family,245000.0,810000.0,523561.475,40
Fort Greene,BROOKLYN,Condo_Elevator,625000.0,1880000.0,1213623.303030303,33
Fort Greene,BROOKLYN,Condo_Walkup,750000.0,1700000.0,1061990.0,10
Fort Greene,BROOKLYN,Coop_Elevator,363000.0,1240000.0,664414.3714285714,35
Fort Greene,BROOKLYN,Coop_Walkup,405000.0,1655000.0,903818.1818181818,11
Fort Greene,BROOKLYN,One_Family,2846008.0,2846008.0,2846008.0,1
Fort Greene,BROOKLYN,Three_Family,600000.0,4541500.0,2422750.0,6
Fort Greene,BROOKLYN,Two_Family,1255000.0,4361000.0,2796399.625,8
Gerritsen Beach,BROOKLYN,One_Family,140000.0,880000.0,437838.15277777775,72
Gerritsen Beach,BROOKLYN,Two_Family,304000.0,775000.0,502076.5333333333,15
Gowanus,BROOKLYN,Condo_Elevator,609500.0,3994540.0,1712148.9117647058,34
Gowanus,BROOKLYN,Condo_Walkup,785000.0,2060000.0,1615000.0,3
Gowanus,BROOKLYN,Coop_Walkup,385000.0,720000.0,484000.0,6
Gowanus,BROOKLYN,One_Family,829873.0,3022329.0,1917533.6666666667,6
Gowanus,BROOKLYN,Three_Family,1150000.0,3000000.0,1938111.111111111,9
Gowanus,BROOKLYN,Two_Family,850000.0,3250000.0,1730666.6666666667,15
Gravesend,BROOKLYN,Condo_Elevator,255000.0,1200000.0,565782.625,48
Gravesend,BROOKLYN,Condo_Walkup,630000.0,630000.0,630000.0,1
Gravesend,BROOKLYN,Coop_Elevator,160000.0,455000.0,304185.6666666667,63
Gravesend,BROOKLYN,Coop_Walkup,120000.0,120000.0,120000.0,1
Gravesend,BROOKLYN,One_Family,330000.0,1700000.0,791131.4509803922,51
Gravesend,BROOKLYN,Three_Family,200000.0,1850000.0,1190666.705882353,34
Gravesend,BROOKLYN,Two_Family,125000.0,2100000.0,964164.6722689075,119
Greenpoint,BROOKLYN,Condo_Elevator,534581.0,2494712.0,1114205.814516129,124
Greenpoint,BROOKLYN,Condo_Walkup,595000.0,1570000.0,891555.5555555555,18
Greenpoint,BROOKLYN,Coop_Elevator,144333.0,935000.0,569722.1666666666,6
Greenpoint,BROOKLYN,Coop_Walkup,110000.0,725000.0,406249.75,4
Greenpoint,BROOKLYN,One_Family,950000.0,3680000.0,2102142.8571428573,7
Greenpoint,BROOKLYN,Three_Family,357000.0,2690000.0,1797500.0,21
Greenpoint,BROOKLYN,Two_Family,540500.0,2875000.0,1652676.9767441861,43
Kensington,BROOKLYN,Condo_Elevator,720000.0,1126675.0,881145.7142857143,7
Kensington,BROOKLYN,Coop_Elevator,185000.0,1025000.0,512179.57627118647,59
Kensington,BROOKLYN,Coop_Walkup,389000.0,685000.0,472936.75,4
Kensington,BROOKLYN,One_Family,975000.0,1307000.0,1110000.0,5
Kensington,BROOKLYN,Three_Family,625000.0,2285000.0,1340571.4285714286,7
Kensington,BROOKLYN,Two_Family,550000.0,1830000.0,1340190.4761904762,21
Manhattan Beach,BROOKLYN,Condo_Elevator,865000.0,865000.0,865000.0,1
Manhattan Beach,BROOKLYN,One_Family,189200.0,2500000.0,1347004.2608695652,23
Manhattan Beach,BROOKLYN,Three_Family,1165000.0,1600000.0,1382500.0,2
Manhattan Beach,BROOKLYN,Two_Family,950000.0,2200000.0,1493343.75,8
Marine Park,BROOKLYN,Coop_Elevator,115000.0,300000.0,166433.41860465117,43
Marine Park,BROOKLYN,Coop_Walkup,150000.0,240000.0,195000.0,2
Marine Park,BROOKLYN,One_Family,160000.0,1350000.0,630944.7549668874,151
Marine Park,BROOKLYN,Three_Family,870000.0,1250000.0,1060000.0,2
Marine Park,BROOKLYN,Two_Family,319082.0,999000.0,697782.487804878,41
Midwood,BROOKLYN,Condo_Elevator,385320.0,950000.0,592005.1764705882,34
Midwood,BROOKLYN,Condo_Walkup,370000.0,690000.0,526666.6666666666,3
Midwood,BROOKLYN,Coop_Elevator,115000.0,880000.0,279846.71764705883,85
Midwood,BROOKLYN,One_Family,220000.0,5300000.0,1275085.658119658,117
Midwood,BROOKLYN,Three_Family,400500.0,1500000.0,1090138.888888889,9
Midwood,BROOKLYN,Two_Family,315000.0,6700000.0,1368325.7142857143,35
Mill Basin,BROOKLYN,One_Family,425000.0,2450000.0,956507.7619047619,63
Mill Basin,BROOKLYN,Three_Family,700000.0,700000.0,700000.0,1
Mill Basin,BROOKLYN,Two_Family,650000.0,1400000.0,922961.5384615385,26
Navy Yard,BROOKLYN,Condo_Elevator,337029.0,337029.0,337029.0,1
Navy Yard,BROOKLYN,One_Family,2050000.0,2235058.0,2175731.090909091,11
Navy Yard,BROOKLYN,Three_Family,1150000.0,1150000.0,1150000.0,1
Navy Yard,BROOKLYN,Two_Family,1050000.0,1050000.0,1050000.0,1
Park Slope,BROOKLYN,Condo_Elevator,525000.0,3850000.0,1677375.8020833333,96
Park Slope,BROOKLYN,Condo_Walkup,182411.0,2410000.0,686518.1219512195,41
Park Slope,BROOKLYN,Coop_Elevator,215000.0,3845000.0,1096496.505882353,85
Park Slope,BROOKLYN,Coop_Walkup,112000.0,2625000.0,973559.4810126582,158
Park Slope,BROOKLYN,One_Family,1500000.0,1.26E7,4569444.444444444,18
Park Slope,BROOKLYN,Three_Family,449168.0,4000000.0,2554198.769230769,26
Park Slope,BROOKLYN,Two_Family,260000.0,8580000.0,3262036.9836065574,61
Prospect Heights,BROOKLYN,Condo_Elevator,527850.0,4227000.0,1124879.124423963,217
Prospect Heights,BROOKLYN,Condo_Walkup,229691.0,1676000.0,590570.3333333334,18
Prospect Heights,BROOKLYN,Coop_Elevator,299000.0,2562780.0,878192.3773584906,53
Prospect Heights,BROOKLYN,Coop_Walkup,259000.0,1250000.0,647109.7727272727,44
Prospect Heights,BROOKLYN,One_Family,1750000.0,2750000.0,2250000.0,2
Prospect Heights,BROOKLYN,Three_Family,2465000.0,3200000.0,2852750.0,4
Prospect Heights,BROOKLYN,Two_Family,1900000.0,3250000.0,2424750.0,4
Prospect-Lefferts Gardens,BROOKLYN,Condo_Elevator,525000.0,840000.0,682500.0,2
Prospect-Lefferts Gardens,BROOKLYN,Coop_Elevator,160000.0,1150000.0,502320.0344827586,29
Prospect-Lefferts Gardens,BROOKLYN,One_Family,450000.0,2675000.0,1509518.5185185184,27
Prospect-Lefferts Gardens,BROOKLYN,Three_Family,350000.0,1475000.0,1025000.0,3
Prospect-Lefferts Gardens,BROOKLYN,Two_Family,300000.0,2200000.0,1146567.8387096773,31
Red Hook,BROOKLYN,One_Family,116610.0,1.0061536E7,2440512.210526316,19
Red Hook,BROOKLYN,Three_Family,160079.0,2300000.0,1173604.8333333333,6
Red Hook,BROOKLYN,Two_Family,940000.0,2250000.0,1596412.5,10
Sea Gate,BROOKLYN,One_Family,375180.0,2300000.0,854977.1428571428,14
Sea Gate,BROOKLYN,Three_Family,670844.0,950000.0,770281.3333333334,3
Sea Gate,BROOKLYN,Two_Family,350000.0,900000.0,612050.0,20
Sheepshead Bay,BROOKLYN,Condo_Elevator,183855.0,1725933.0,785363.9298245613,114
Sheepshead Bay,BROOKLYN,Condo_Walkup,121680.0,630000.0,276032.6666666667,30
Sheepshead Bay,BROOKLYN,Coop_Elevator,110000.0,650000.0,243759.85945945946,185
Sheepshead Bay,BROOKLYN,Coop_Walkup,162500.0,185000.0,169125.0,4
Sheepshead Bay,BROOKLYN,One_Family,135000.0,1320000.0,641150.3506493507,77
Sheepshead Bay,BROOKLYN,Three_Family,700000.0,1530000.0,1129705.8823529412,17
Sheepshead Bay,BROOKLYN,Two_Family,425000.0,1376000.0,870417.6,110
South Slope,BROOKLYN,Condo_Elevator,800000.0,1775000.0,1299205.8823529412,17
South Slope,BROOKLYN,Condo_Walkup,640000.0,1600000.0,1130181.8181818181,11
South Slope,BROOKLYN,Coop_Walkup,180000.0,1310000.0,757750.25,12
South Slope,BROOKLYN,One_Family,840000.0,3131118.0,1868111.8,10
South Slope,BROOKLYN,Three_Family,1650000.0,2400000.0,2053078.125,8
South Slope,BROOKLYN,Two_Family,263692.0,3000000.0,1933524.6785714286,28
Sunset Park,BROOKLYN,Condo_Elevator,195577.0,1331000.0,551192.25,28
Sunset Park,BROOKLYN,Condo_Walkup,435000.0,1150000.0,847375.0,8
Sunset Park,BROOKLYN,Coop_Walkup,200000.0,980000.0,481183.7916666667,24
Sunset Park,BROOKLYN,One_Family,495000.0,2800000.0,1384499.8333333333,18
Sunset Park,BROOKLYN,Three_Family,380000.0,2080000.0,1280207.2413793104,29
Sunset Park,BROOKLYN,Two_Family,162500.0,3000000.0,1158263.2612612613,111
Williamsburg,BROOKLYN,Condo_Elevator,200000.0,3890000.0,1121961.9832635983,478
Williamsburg,BROOKLYN,Condo_Walkup,396637.0,1700000.0,865754.4545454546,22
Williamsburg,BROOKLYN,Coop_Elevator,350000.0,675000.0,515000.0,3
Williamsburg,BROOKLYN,Coop_Walkup,115000.0,668000.0,361992.3076923077,26
Williamsburg,BROOKLYN,One_Family,218000.0,4650000.0,2452888.8333333335,18
Williamsburg,BROOKLYN,Three_Family,200000.0,3200000.0,2066802.8387096773,31
Williamsburg,BROOKLYN,Two_Family,131936.0,3950000.0,1851935.0,46
Windsor Terrace,BROOKLYN,Condo_Elevator,402464.0,1360000.0,759110.3636363636,11
Windsor Terrace,BROOKLYN,Condo_Walkup,710000.0,1230000.0,967558.6,5
Windsor Terrace,BROOKLYN,Coop_Elevator,420000.0,1050000.0,608080.8888888889,36
Windsor Terrace,BROOKLYN,Coop_Walkup,483000.0,1275000.0,763746.7272727273,11
Windsor Terrace,BROOKLYN,One_Family,814600.0,2450000.0,1559947.0588235294,17
Windsor Terrace,BROOKLYN,Three_Family,1700000.0,2295000.0,2071666.6666666667,6
Windsor Terrace,BROOKLYN,Two_Family,625000.0,2750000.0,1727494.1794871795,39
Chelsea,MANHATTAN,Condo_Elevator,575000.0,3.8053727E7,3028727.966666667,240
Chelsea,MANHATTAN,Condo_Walkup,826000.0,975000.0,900500.0,2
Chelsea,MANHATTAN,Coop_Elevator,104226.0,6000000.0,888162.5243902439,164
Chelsea,MANHATTAN,Coop_Walkup,150000.0,7492500.0,1083767.406779661,59
Chelsea,MANHATTAN,Two_Family,7750000.0,7750000.0,7750000.0,1
Chinatown,MANHATTAN,Condo_Elevator,275808.0,4200000.0,1231837.4918032787,61
Civic Center,MANHATTAN,Condo_Elevator,175000.0,4.7866945E7,7218374.689655173,145
Civic Center,MANHATTAN,Coop_Elevator,410000.0,4300000.0,1021795.52,25
East Harlem,MANHATTAN,Condo_Elevator,405528.0,1360000.0,707114.5681818182,44
East Harlem,MANHATTAN,Condo_Walkup,320000.0,590000.0,440750.0,4
East Harlem,MANHATTAN,Coop_Elevator,280000.0,951000.0,615500.0,2
East Harlem,MANHATTAN,Coop_Walkup,112000.0,435000.0,243700.0,10
East Harlem,MANHATTAN,One_Family,375000.0,3900000.0,2137500.0,2
East Harlem,MANHATTAN,Three_Family,190333.0,2500000.0,1606666.6,5
East Harlem,MANHATTAN,Two_Family,1319700.0,1319700.0,1319700.0,1
East Village,MANHATTAN,Condo_Elevator,730000.0,4200000.0,1967130.111111111,54
East Village,MANHATTAN,Coop_Elevator,350000.0,2625000.0,969610.2380952381,21
East Village,MANHATTAN,Coop_Walkup,145000.0,2300000.0,790670.3125,32
East Village,MANHATTAN,Two_Family,3000000.0,4000000.0,3500000.0,2
Financial District,MANHATTAN,Condo_Elevator,136778.0,1.2651756E7,2046014.417142857,350
Financial District,MANHATTAN,Coop_Elevator,430000.0,2200000.0,950605.2631578947,19
Flatiron District,MANHATTAN,Condo_Elevator,432978.0,2.8225E7,5015525.336170212,235
Flatiron District,MANHATTAN,Coop_Elevator,101907.0,7500000.0,1414134.5462962964,108
Flatiron District,MANHATTAN,Coop_Walkup,1250000.0,1250000.0,1250000.0,1
Gramercy,MANHATTAN,Condo_Elevator,362500.0,1.575E7,2435254.632352941,68
Gramercy,MANHATTAN,Coop_Elevator,321500.0,1.2873554E7,1075797.3780487804,246
Gramercy,MANHATTAN,Coop_Walkup,127000.0,3200000.0,1190526.923076923,13
Gramercy,MANHATTAN,Three_Family,1.35E7,1.35E7,1.35E7,1
Gramercy,MANHATTAN,Two_Family,3700000.0,7000000.0,5333333.333333333,3
Greenwich Village,MANHATTAN,Condo_Elevator,705000.0,1.2E7,3157538.6119402987,67
Greenwich Village,MANHATTAN,Coop_Elevator,310000.0,7350000.0,1562615.0080321284,249
Greenwich Village,MANHATTAN,Coop_Walkup,311250.0,2900000.0,1718815.0833333333,12
Greenwich Village,MANHATTAN,One_Family,9500000.0,2.1E7,1.4833333333333334E7,3
Greenwich Village,MANHATTAN,Two_Family,1.05E7,1.05E7,1.05E7,1
Harlem,MANHATTAN,Condo_Elevator,276248.0,7238750.0,1064296.8512110726,289
Harlem,MANHATTAN,Condo_Walkup,399516.0,1575465.0,835662.2727272727,33
Harlem,MANHATTAN,Coop_Elevator,110000.0,2100000.0,466303.45238095237,84
Harlem,MANHATTAN,Coop_Walkup,120000.0,2.775E7,1673967.391304348,46
Harlem,MANHATTAN,One_Family,925000.0,4250000.0,2453575.882352941,17
Harlem,MANHATTAN,Three_Family,1700000.0,4590000.0,2602164.0625,16
Harlem,MANHATTAN,Two_Family,850000.0,4300000.0,2374791.304347826,23
Inwood,MANHATTAN,Condo_Elevator,250000.0,450000.0,362125.0,11
Inwood,MANHATTAN,Coop_Elevator,175000.0,7.5E7,2532183.75,72
Inwood,MANHATTAN,Coop_Walkup,180000.0,530000.0,355000.0,2
Inwood,MANHATTAN,One_Family,635000.0,637500.0,636250.0,2
Inwood,MANHATTAN,Two_Family,610950.0,991500.0,801225.0,2
Kips Bay,MANHATTAN,Condo_Elevator,200000.0,3150000.0,1231823.8551401868,214
Kips Bay,MANHATTAN,Coop_Elevator,355000.0,1700000.0,705911.1351351351,37
Kips Bay,MANHATTAN,Three_Family,6650000.0,6650000.0,6650000.0,1
Kips Bay,MANHATTAN,Two_Family,5750000.0,5750000.0,5750000.0,1
Little Italy,MANHATTAN,Condo_Elevator,1200000.0,2.086E7,4470843.916666667,12
Little Italy,MANHATTAN,Coop_Elevator,3300000.0,5300000.0,4300000.0,2
Little Italy,MANHATTAN,Coop_Walkup,826475.0,945000.0,885737.5,2
Little Italy,MANHATTAN,One_Family,7090000.0,7090000.0,7090000.0,1
Lower East Side,MANHATTAN,Condo_Elevator,330000.0,2.0365E7,2874084.61627907,86
Lower East Side,MANHATTAN,Condo_Walkup,378447.0,1655000.0,1052111.75,4
Lower East Side,MANHATTAN,Coop_Elevator,388000.0,2200000.0,820936.5853658536,123
Lower East Side,MANHATTAN,Coop_Walkup,250000.0,2150000.0,737058.8235294118,17
Midtown,MANHATTAN,Condo_Elevator,111608.0,9.1125497E7,2990279.3247089265,773
Midtown,MANHATTAN,Coop_Elevator,120000.0,1.65E7,994012.2601726264,811
Midtown,MANHATTAN,Coop_Walkup,131553.0,3500000.0,717915.6206896552,29
Midtown,MANHATTAN,One_Family,7000000.0,9950000.0,8212500.0,4
Midtown,MANHATTAN,Two_Family,7000000.0,7000000.0,7000000.0,1
Morningside Heights,MANHATTAN,Coop_Elevator,257500.0,1849000.0,670592.2807017544,57
Morningside Heights,MANHATTAN,Coop_Walkup,320000.0,885000.0,534545.4545454546,11
Murray Hill,MANHATTAN,Condo_Elevator,200000.0,5480618.0,1616139.8448275863,174
Murray Hill,MANHATTAN,Coop_Elevator,135000.0,6790000.0,751072.10546875,256
Murray Hill,MANHATTAN,Coop_Walkup,390000.0,560000.0,465000.0,3
Murray Hill,MANHATTAN,One_Family,2650000.0,9750000.0,5660000.0,5
Murray Hill,MANHATTAN,Two_Family,7750000.0,7750000.0,7750000.0,1
Roosevelt Island,MANHATTAN,Condo_Elevator,685000.0,1868000.0,1101166.5555555555,9
Roosevelt Island,MANHATTAN,Coop_Elevator,638000.0,1477000.0,978093.75,16
SoHo,MANHATTAN,Condo_Elevator,999999.0,1.9855875E7,4506868.9125,80
SoHo,MANHATTAN,Condo_Walkup,995000.0,1450000.0,1222500.0,2
SoHo,MANHATTAN,Coop_Elevator,155570.0,1.6E7,3234975.3387096776,62
SoHo,MANHATTAN,Coop_Walkup,410000.0,4945200.0,1159460.4102564103,39
SoHo,MANHATTAN,One_Family,1.3E7,1.3E7,1.3E7,1
SoHo,MANHATTAN,Two_Family,2056500.0,4.35E7,1.7852166666666668E7,3
Tribeca,MANHATTAN,Condo_Elevator,451000.0,4.3991454E7,3299689.045325779,353
Tribeca,MANHATTAN,Coop_Elevator,405679.0,7000000.0,2820301.6363636362,22
Tribeca,MANHATTAN,Coop_Walkup,370000.0,3700000.0,2047500.0,5
Tribeca,MANHATTAN,One_Family,1.8E7,1.8E7,1.8E7,1
Upper East Side,MANHATTAN,Condo_Elevator,101400.0,4.5440429E7,2614432.9519906323,854
Upper East Side,MANHATTAN,Condo_Walkup,312500.0,1162500.0,636750.0,8
Upper East Side,MANHATTAN,Coop_Elevator,121806.0,5.5E7,1854023.6987179487,1560
Upper East Side,MANHATTAN,Coop_Walkup,133986.0,6600000.0,654030.1465517242,116
Upper East Side,MANHATTAN,One_Family,1288589.0,3.32E7,9484452.966666667,30
Upper East Side,MANHATTAN,Three_Family,3950000.0,3950000.0,3950000.0,1
Upper East Side,MANHATTAN,Two_Family,5100000.0,2.1E7,1.04375E7,8
Upper West Side,MANHATTAN,Condo_Elevator,268000.0,6.125E7,2915634.273299748,794
Upper West Side,MANHATTAN,Condo_Walkup,415000.0,1230000.0,821000.0,5
Upper West Side,MANHATTAN,Coop_Elevator,137500.0,4.5E7,1739525.6510359868,917
Upper West Side,MANHATTAN,Coop_Walkup,206000.0,3625000.0,906356.4519230769,104
Upper West Side,MANHATTAN,One_Family,3500000.0,1.58E7,1.11305675E7,10
Upper West Side,MANHATTAN,Three_Family,2482893.0,1.49E7,7104111.625,8
Upper West Side,MANHATTAN,Two_Family,4300000.0,1.57495E7,7969700.0,5
Washington Heights,MANHATTAN,Condo_Elevator,350000.0,1325000.0,626706.9333333333,45
Washington Heights,MANHATTAN,Coop_Elevator,180000.0,5250000.0,617132.3396226416,212
Washington Heights,MANHATTAN,Coop_Walkup,120000.0,6265000.0,518725.85714285716,28
Washington Heights,MANHATTAN,One_Family,1560000.0,1560000.0,1560000.0,1
Washington Heights,MANHATTAN,Three_Family,816425.0,816425.0,816425.0,1
Washington Heights,MANHATTAN,Two_Family,911460.0,2200000.0,1472992.0,5
West Village,MANHATTAN,Condo_Elevator,224977.0,3.46205E7,5479581.787234043,141
West Village,MANHATTAN,Condo_Walkup,775000.0,1600000.0,1060718.3,10
West Village,MANHATTAN,Coop_Elevator,330000.0,1.0E7,1282938.076923077,130
West Village,MANHATTAN,Coop_Walkup,212500.0,2450000.0,1015181.7878787878,66
West Village,MANHATTAN,One_Family,4065000.0,1.9E7,9799023.6,10
West Village,MANHATTAN,Three_Family,8250000.0,1.785E7,1.26625E7,4
West Village,MANHATTAN,Two_Family,3200000.0,1.575E7,8933750.0,8
Arverne,QUEENS,One_Family,110000.0,967337.0,334621.6,35
Arverne,QUEENS,Three_Family,125000.0,569000.0,301500.0,5
Arverne,QUEENS,Two_Family,120000.0,1029816.0,469618.1649484536,97
Astoria,QUEENS,Condo_Elevator,200000.0,1355000.0,702994.9,90
Astoria,QUEENS,Condo_Walkup,496000.0,496000.0,496000.0,1
Astoria,QUEENS,Coop_Elevator,117000.0,716478.0,346499.0816326531,98
Astoria,QUEENS,Coop_Walkup,375000.0,538000.0,468000.0,7
Astoria,QUEENS,One_Family,625000.0,2500000.0,998411.7647058824,34
Astoria,QUEENS,Three_Family,150000.0,3100000.0,1274118.0555555555,36
Astoria,QUEENS,Two_Family,141960.0,3815000.0,1227815.6074074074,135
Bayside,QUEENS,Condo_Elevator,330000.0,983388.0,631803.8771929825,57
Bayside,QUEENS,Condo_Walkup,380000.0,440000.0,410000.0,2
Bayside,QUEENS,Coop_Elevator,127000.0,6100000.0,589072.7379310345,145
Bayside,QUEENS,Coop_Walkup,125000.0,540000.0,265187.6,120
Bayside,QUEENS,One_Family,150000.0,2450000.0,873711.4545454546,308
Bayside,QUEENS,Three_Family,490000.0,1690000.0,1115585.8181818181,22
Bayside,QUEENS,Two_Family,250000.0,3400000.0,1076270.5842696629,89
Belle Harbor,QUEENS,Coop_Elevator,505000.0,505000.0,505000.0,1
Belle Harbor,QUEENS,Coop_Walkup,145000.0,200000.0,160625.0,4
Belle Harbor,QUEENS,One_Family,426000.0,2900000.0,989123.0857142857,35
Belle Harbor,QUEENS,Three_Family,1090000.0,1090000.0,1090000.0,1
Belle Harbor,QUEENS,Two_Family,162500.0,1425000.0,875225.3846153846,26
Bellerose,QUEENS,One_Family,200000.0,1350000.0,588311.5702479339,121
Bellerose,QUEENS,Three_Family,625000.0,985000.0,778250.0,7
Bellerose,QUEENS,Two_Family,450000.0,1020000.0,673973.6842105263,19
Breezy Point,QUEENS,One_Family,105000.0,1325000.0,475620.4819277108,83
Briarwood,QUEENS,Condo_Elevator,379000.0,620000.0,488488.82352941175,17
Briarwood,QUEENS,Coop_Elevator,110000.0,426000.0,199373.93333333332,90
Briarwood,QUEENS,Coop_Walkup,136500.0,253000.0,185633.33333333334,3
Briarwood,QUEENS,One_Family,300000.0,1200000.0,753040.0,25
Briarwood,QUEENS,Three_Family,840000.0,1300000.0,1115222.0,4
Briarwood,QUEENS,Two_Family,300000.0,1350000.0,812750.0,16
Broad Channel,QUEENS,One_Family,110000.0,725000.0,320861.375,32
Cambria Heights,QUEENS,One_Family,182000.0,745000.0,439711.2589285714,112
Cambria Heights,QUEENS,Two_Family,325200.0,765000.0,521085.71428571426,14
College Point,QUEENS,Condo_Elevator,560000.0,560000.0,560000.0,1
College Point,QUEENS,Condo_Walkup,255000.0,360000.0,307500.0,2
College Point,QUEENS,One_Family,406000.0,1185000.0,732326.734939759,83
College Point,QUEENS,Three_Family,400000.0,1555677.0,944925.1818181818,11
College Point,QUEENS,Two_Family,225000.0,1580000.0,903011.4789915966,119
Corona,QUEENS,Condo_Elevator,245000.0,9800000.0,962613.8947368421,19
Corona,QUEENS,Condo_Walkup,250000.0,563888.0,439986.0,8
Corona,QUEENS,Coop_Elevator,103000.0,355000.0,191427.63157894736,76
Corona,QUEENS,One_Family,300000.0,1100000.0,725503.375,32
Corona,QUEENS,Three_Family,200000.0,1420000.0,949013.5205479452,73
Corona,QUEENS,Two_Family,135000.0,1750000.0,869627.3398058253,103
Douglaston,QUEENS,Coop_Elevator,150000.0,420810.0,276850.55555555556,18
Douglaston,QUEENS,Coop_Walkup,142900.0,459000.0,258457.72727272726,44
Douglaston,QUEENS,One_Family,190000.0,4000000.0,1125241.0,70
Douglaston,QUEENS,Two_Family,663000.0,1850000.0,1149698.1818181819,11
East Elmhurst,QUEENS,One_Family,250000.0,875000.0,598203.4444444445,54
East Elmhurst,QUEENS,Three_Family,475000.0,1325000.0,882308.7647058824,17
East Elmhurst,QUEENS,Two_Family,120000.0,1415000.0,782739.0857142857,70
Elmhurst,QUEENS,Condo_Elevator,180000.0,845147.0,472210.2028985507,69
Elmhurst,QUEENS,Condo_Walkup,370000.0,510000.0,417500.0,3
Elmhurst,QUEENS,Coop_Elevator,125000.0,1.25E7,393435.91964285716,112
Elmhurst,QUEENS,Coop_Walkup,200000.0,200000.0,200000.0,1
Elmhurst,QUEENS,One_Family,126010.0,1300000.0,735309.2727272727,55
Elmhurst,QUEENS,Three_Family,475000.0,1680000.0,1200085.1063829786,47
Elmhurst,QUEENS,Two_Family,400000.0,2550000.0,978542.6021505377,93
Far Rockaway,QUEENS,Condo_Elevator,130000.0,499500.0,256500.0,3
Far Rockaway,QUEENS,Coop_Elevator,105000.0,165000.0,132666.66666666666,3
Far Rockaway,QUEENS,One_Family,123500.0,2000000.0,561263.7441860465,86
Far Rockaway,QUEENS,Three_Family,220000.0,1132838.0,456704.39024390245,41
Far Rockaway,QUEENS,Two_Family,106470.0,910000.0,449323.7425742574,101
Floral Park,QUEENS,Coop_Walkup,184000.0,271000.0,217200.0,15
Floral Park,QUEENS,One_Family,200000.0,1175000.0,637852.7699115045,113
Floral Park,QUEENS,Three_Family,980000.0,980000.0,980000.0,2
Floral Park,QUEENS,Two_Family,600000.0,1180000.0,819100.0,5
Flushing,QUEENS,Condo_Elevator,202800.0,2.5E7,850878.4670050761,985
Flushing,QUEENS,Condo_Walkup,155000.0,659000.0,443716.8292682927,41
Flushing,QUEENS,Coop_Elevator,113000.0,611800.0,268795.2039800995,402
Flushing,QUEENS,Coop_Walkup,120000.0,498000.0,237535.96825396825,189
Flushing,QUEENS,One_Family,162500.0,2200000.0,872460.4580838323,668
Flushing,QUEENS,Three_Family,290000.0,2138000.0,1236349.3870967743,62
Flushing,QUEENS,Two_Family,250000.0,2500000.0,1094324.5355648536,239
Flushing Meadows Corona Park,QUEENS,Condo_Elevator,390000.0,509804.0,449902.0,2
Flushing Meadows Corona Park,QUEENS,Coop_Elevator,187000.0,415000.0,294426.5,8
Flushing Meadows Corona Park,QUEENS,Three_Family,700000.0,700000.0,700000.0,1
Forest Hills,QUEENS,Condo_Elevator,300000.0,1680112.0,611251.3278688524,61
Forest Hills,QUEENS,Condo_Walkup,560000.0,1070000.0,743954.6666666666,9
Forest Hills,QUEENS,Coop_Elevator,116619.0,1638314.0,363331.9316888045,527
Forest Hills,QUEENS,Coop_Walkup,170000.0,850000.0,320770.8333333333,24
Forest Hills,QUEENS,One_Family,222500.0,2655000.0,1241100.0229007634,131
Forest Hills,QUEENS,Three_Family,325000.0,375000.0,350000.0,2
Forest Hills,QUEENS,Two_Family,240000.0,2156000.0,1128455.5555555555,27
Fresh Meadows,QUEENS,Coop_Walkup,145000.0,347000.0,207994.4,20
Fresh Meadows,QUEENS,One_Family,250000.0,1350000.0,883695.7936507936,63
Fresh Meadows,QUEENS,Two_Family,730000.0,1800000.0,1093333.3333333333,9
Glen Oaks,QUEENS,Coop_Elevator,110000.0,1200000.0,553468.7256637168,113
Glen Oaks,QUEENS,Coop_Walkup,133000.0,535000.0,253540.48965517242,145
Glen Oaks,QUEENS,One_Family,270000.0,1132000.0,619703.7037037037,27
Glen Oaks,QUEENS,Two_Family,540000.0,980000.0,715833.3333333334,6
Glendale,QUEENS,Condo_Elevator,425000.0,425000.0,425000.0,1
Glendale,QUEENS,Condo_Walkup,209410.0,425000.0,317205.0,2
Glendale,QUEENS,Coop_Elevator,130000.0,419000.0,228681.81818181818,44
Glendale,QUEENS,One_Family,180000.0,1350000.0,641640.9120879121,91
Glendale,QUEENS,Three_Family,585000.0,1200000.0,925769.2307692308,13
Glendale,QUEENS,Two_Family,322000.0,1600000.0,790921.1313131313,99
Hollis,QUEENS,Coop_Elevator,145000.0,145000.0,145000.0,1
Hollis,QUEENS,One_Family,105000.0,945000.0,444656.09633027524,218
Hollis,QUEENS,Three_Family,435000.0,720000.0,612833.3333333334,6
Hollis,QUEENS,Two_Family,260000.0,959000.0,545862.723076923,65
Hollis Hills,QUEENS,Coop_Elevator,120000.0,355000.0,263210.0,20
Hollis Hills,QUEENS,One_Family,350000.0,1268000.0,904287.0967741936,31
Holliswood,QUEENS,Coop_Elevator,105000.0,198000.0,145090.9090909091,33
Holliswood,QUEENS,Coop_Walkup,155000.0,220000.0,181416.66666666666,18
Holliswood,QUEENS,One_Family,560000.0,1350000.0,864963.3333333334,30
Holliswood,QUEENS,Two_Family,988800.0,1150000.0,1069400.0,2
Howard Beach,QUEENS,Condo_Elevator,105000.0,415889.0,244462.8780487805,41
Howard Beach,QUEENS,Condo_Walkup,140000.0,210000.0,169445.0,6
Howard Beach,QUEENS,Coop_Elevator,110000.0,309900.0,188698.37878787878,66
Howard Beach,QUEENS,Coop_Walkup,110000.0,268000.0,185640.35087719298,57
Howard Beach,QUEENS,One_Family,105000.0,1300000.0,573298.9125,160
Howard Beach,QUEENS,Three_Family,210000.0,978800.0,735828.5714285715,7
Howard Beach,QUEENS,Two_Family,188333.0,900000.0,686379.0784313725,51
Jackson Heights,QUEENS,Condo_Elevator,173000.0,1050000.0,487426.0238095238,42
Jackson Heights,QUEENS,Condo_Walkup,315000.0,569000.0,399750.0,28
Jackson Heights,QUEENS,Coop_Elevator,103000.0,2400000.0,346451.5348189415,359
Jackson Heights,QUEENS,Coop_Walkup,105000.0,940000.0,502603.26086956525,46
Jackson Heights,QUEENS,One_Family,180000.0,1790000.0,769952.472972973,74
Jackson Heights,QUEENS,Three_Family,510000.0,1775000.0,1085880.4594594594,37
Jackson Heights,QUEENS,Two_Family,190000.0,1320000.0,848036.3367346938,98
Jamaica,QUEENS,Condo_Elevator,310000.0,615000.0,421333.3333333333,6
Jamaica,QUEENS,Condo_Walkup,405600.0,405600.0,405600.0,1
Jamaica,QUEENS,Coop_Elevator,105000.0,300000.0,153937.4,45
Jamaica,QUEENS,One_Family,105000.0,880000.0,379630.5,594
Jamaica,QUEENS,Three_Family,250000.0,998500.0,641158.09375,32
Jamaica,QUEENS,Two_Family,140000.0,5700000.0,583978.492917847,353
Jamaica Bay,QUEENS,One_Family,110000.0,533000.0,271366.4285714286,7
Jamaica Bay,QUEENS,Two_Family,315000.0,599999.0,457499.5,2
Jamaica Estates,QUEENS,Condo_Elevator,260000.0,425880.0,328626.6666666667,3
Jamaica Estates,QUEENS,Coop_Elevator,140000.0,202500.0,174350.0,4
Jamaica Estates,QUEENS,One_Family,150000.0,3475000.0,1101235.282051282,78
Jamaica Estates,QUEENS,Three_Family,1260000.0,1430000.0,1363333.3333333333,3
Jamaica Estates,QUEENS,Two_Family,750000.0,1275000.0,1006666.6666666666,3
Jamaica Hills,QUEENS,Coop_Elevator,116610.0,235000.0,157415.33333333334,9
Jamaica Hills,QUEENS,One_Family,280000.0,1120000.0,647667.2142857143,28
Jamaica Hills,QUEENS,Three_Family,875000.0,1250000.0,1068000.0,5
Jamaica Hills,QUEENS,Two_Family,399000.0,971000.0,819980.380952381,21
Kew Gardens,QUEENS,Condo_Elevator,220000.0,815000.0,440466.84210526315,19
Kew Gardens,QUEENS,Condo_Walkup,273000.0,545000.0,351500.0,4
Kew Gardens,QUEENS,Coop_Elevator,110000.0,570000.0,259116.67142857143,140
Kew Gardens,QUEENS,Coop_Walkup,285000.0,285000.0,285000.0,1
Kew Gardens,QUEENS,One_Family,348700.0,1500000.0,880431.1612903225,31
Kew Gardens,QUEENS,Three_Family,690000.0,1201888.0,910977.6,5
Kew Gardens,QUEENS,Two_Family,165000.0,1800000.0,1038436.25,16
LaGuardia Airport,QUEENS,One_Family,600000.0,792000.0,694400.0,5
LaGuardia Airport,QUEENS,Three_Family,970000.0,970000.0,970000.0,1
Laurelton,QUEENS,Coop_Walkup,109000.0,180000.0,132879.6875,16
Laurelton,QUEENS,One_Family,150000.0,850000.0,434139.3387978142,183
Laurelton,QUEENS,Three_Family,200000.0,612000.0,406000.0,2
Laurelton,QUEENS,Two_Family,144000.0,901151.0,558270.1458333334,48
Little Neck,QUEENS,Coop_Elevator,133000.0,418000.0,206500.0,18
Little Neck,QUEENS,Coop_Walkup,143000.0,380000.0,253280.44871794872,78
Little Neck,QUEENS,One_Family,140000.0,1800000.0,944373.0563380282,71
Little Neck,QUEENS,Three_Family,975000.0,1319000.0,1147000.0,2
Little Neck,QUEENS,Two_Family,790000.0,1480000.0,1115913.5263157894,19
Long Island City,QUEENS,Condo_Elevator,424500.0,2751525.0,1052268.3916913946,337
Long Island City,QUEENS,Condo_Walkup,930000.0,1447000.0,1188500.0,2
Long Island City,QUEENS,Coop_Elevator,365000.0,1065000.0,610224.1379310344,29
Long Island City,QUEENS,One_Family,360000.0,1500000.0,948000.0,5
Long Island City,QUEENS,Three_Family,450000.0,6800000.0,2491449.9,10
Long Island City,QUEENS,Two_Family,280000.0,4000000.0,1457185.5454545454,22
Maspeth,QUEENS,Coop_Elevator,190000.0,350000.0,265794.4,20
Maspeth,QUEENS,One_Family,300000.0,1085000.0,666824.025974026,77
Maspeth,QUEENS,Three_Family,220000.0,1741207.0,1110711.4285714286,21
Maspeth,QUEENS,Two_Family,145000.0,1390000.0,771090.4444444445,108
Middle Village,QUEENS,Condo_Elevator,273780.0,580000.0,459296.6666666667,6
Middle Village,QUEENS,Condo_Walkup,450000.0,572250.0,511125.0,2
Middle Village,QUEENS,Coop_Elevator,175000.0,178000.0,177000.0,3
Middle Village,QUEENS,One_Family,180433.0,1200000.0,724424.1690140845,142
Middle Village,QUEENS,Three_Family,675000.0,1600000.0,1138071.4285714286,14
Middle Village,QUEENS,Two_Family,262641.0,1475000.0,873051.4382022471,89
Neponsit,QUEENS,One_Family,534710.0,2435000.0,1142042.2222222222,18
Ozone Park,QUEENS,Condo_Walkup,150000.0,150000.0,150000.0,1
Ozone Park,QUEENS,One_Family,142500.0,820000.0,458326.048,125
Ozone Park,QUEENS,Three_Family,250000.0,1200000.0,780486.8421052631,19
Ozone Park,QUEENS,Two_Family,110000.0,995000.0,609339.6416184971,173
Queens Village,QUEENS,Coop_Elevator,155618.0,155618.0,155618.0,1
Queens Village,QUEENS,Coop_Walkup,140000.0,250000.0,185825.92156862744,51
Queens Village,QUEENS,One_Family,110000.0,1550000.0,466567.3116438356,292
Queens Village,QUEENS,Three_Family,560000.0,995000.0,830900.0,5
Queens Village,QUEENS,Two_Family,170000.0,985000.0,570602.2153846154,65
Rego Park,QUEENS,Condo_Elevator,221052.0,926607.0,514136.23287671234,73
Rego Park,QUEENS,Coop_Elevator,120000.0,605000.0,299067.94852941175,272
Rego Park,QUEENS,Coop_Walkup,239999.0,239999.0,239999.0,1
Rego Park,QUEENS,One_Family,250000.0,1300000.0,849568.0961538461,52
Rego Park,QUEENS,Three_Family,570000.0,1620000.0,1251777.7777777778,9
Rego Park,QUEENS,Two_Family,102900.0,1776000.0,975730.0,30
Richmond Hill,QUEENS,Coop_Elevator,105000.0,165000.0,129250.0,4
Richmond Hill,QUEENS,One_Family,105000.0,1060000.0,486387.6875,192
Richmond Hill,QUEENS,Three_Family,190000.0,1130000.0,716548.7916666666,24
Richmond Hill,QUEENS,Two_Family,175000.0,1260000.0,618194.319047619,210
Ridgewood,QUEENS,Condo_Elevator,385320.0,565000.0,490683.21428571426,14
Ridgewood,QUEENS,Condo_Walkup,301105.0,855000.0,487574.6666666667,18
Ridgewood,QUEENS,One_Family,270000.0,1550000.0,739904.7619047619,21
Ridgewood,QUEENS,Three_Family,150000.0,1633000.0,1007582.0689655172,29
Ridgewood,QUEENS,Two_Family,219457.0,2150000.0,912973.904109589,73
Rockaway Park,QUEENS,Condo_Elevator,320000.0,764529.0,520147.0,7
Rockaway Park,QUEENS,Condo_Walkup,300000.0,634000.0,469000.0,9
Rockaway Park,QUEENS,Coop_Elevator,105000.0,335000.0,204541.66666666666,12
Rockaway Park,QUEENS,One_Family,108000.0,800000.0,400900.0,10
Rockaway Park,QUEENS,Three_Family,350000.0,715000.0,590000.0,4
Rockaway Park,QUEENS,Two_Family,225000.0,890000.0,602156.25,16
Rosedale,QUEENS,One_Family,165000.0,860000.0,438615.92617449665,149
Rosedale,QUEENS,Three_Family,450000.0,750000.0,549750.0,4
Rosedale,QUEENS,Two_Family,162500.0,1032349.0,602345.9357142857,140
South Ozone Park,QUEENS,Condo_Walkup,179000.0,179000.0,179000.0,1
South Ozone Park,QUEENS,One_Family,136000.0,1175000.0,477380.7456896552,232
South Ozone Park,QUEENS,Three_Family,225000.0,895000.0,576583.3333333334,12
South Ozone Park,QUEENS,Two_Family,150000.0,999000.0,544062.7814569536,151
Springfield Gardens,QUEENS,One_Family,145000.0,890000.0,412733.50214592274,233
Springfield Gardens,QUEENS,Three_Family,600000.0,900000.0,716666.6666666666,3
Springfield Gardens,QUEENS,Two_Family,125000.0,880786.0,559585.6466165413,133
St. Albans,QUEENS,One_Family,130000.0,850000.0,404820.4213649852,337
St. Albans,QUEENS,Three_Family,325000.0,815000.0,570000.0,2
St. Albans,QUEENS,Two_Family,150000.0,1181543.0,501750.14851485146,101
Sunnyside,QUEENS,Condo_Elevator,295000.0,598500.0,475812.5,16
Sunnyside,QUEENS,Coop_Elevator,140000.0,665000.0,325226.41891891893,74
Sunnyside,QUEENS,Coop_Walkup,320000.0,680000.0,444000.0,6
Sunnyside,QUEENS,One_Family,200000.0,1458800.0,839916.6666666666,15
Sunnyside,QUEENS,Three_Family,876000.0,1900000.0,1367277.6666666667,9
Sunnyside,QUEENS,Two_Family,362500.0,1628000.0,1020226.9696969697,33
Whitestone,QUEENS,Condo_Walkup,415000.0,540000.0,471642.6,5
Whitestone,QUEENS,Coop_Elevator,232000.0,232000.0,232000.0,1
Whitestone,QUEENS,Coop_Walkup,145000.0,387000.0,246748.23529411765,68
Whitestone,QUEENS,One_Family,126838.0,5500000.0,965130.754491018,167
Whitestone,QUEENS,Three_Family,990000.0,1400000.0,1184250.0,4
Whitestone,QUEENS,Two_Family,162956.0,1820631.0,1121610.725,40
Woodhaven,QUEENS,Condo_Walkup,255000.0,420000.0,351375.0,8
Woodhaven,QUEENS,One_Family,225000.0,875000.0,516109.73913043475,138
Woodhaven,QUEENS,Three_Family,350000.0,1100000.0,725187.5,16
Woodhaven,QUEENS,Two_Family,152000.0,1350000.0,684046.1370967742,124
Woodside,QUEENS,Condo_Elevator,388000.0,870000.0,606343.4210526316,19
Woodside,QUEENS,Condo_Walkup,283920.0,702592.0,461956.7727272727,22
Woodside,QUEENS,Coop_Elevator,125900.0,720000.0,342107.77536231885,138
Woodside,QUEENS,Coop_Walkup,265000.0,440000.0,344750.0,8
Woodside,QUEENS,One_Family,368000.0,998000.0,685241.1176470588,17
Woodside,QUEENS,Three_Family,300000.0,1620000.0,1043928.5714285715,14
Woodside,QUEENS,Two_Family,340000.0,1550000.0,945994.0789473684,38
Arden Heights,STATEN ISLAND,One_Family,157170.0,1075000.0,401837.8743718593,199
Arden Heights,STATEN ISLAND,Two_Family,282000.0,950000.0,612837.125,24
Arrochar,STATEN ISLAND,One_Family,370500.0,992000.0,555281.5238095238,21
Arrochar,STATEN ISLAND,Two_Family,200000.0,1150000.0,594857.1428571428,7
Bay Terrace,STATEN ISLAND,Coop_Walkup,115000.0,175000.0,128925.0,8
Bay Terrace,STATEN ISLAND,One_Family,200000.0,715000.0,514466.36,25
Bay Terrace,STATEN ISLAND,Two_Family,300000.0,830000.0,696800.0,15
Bull's Head,STATEN ISLAND,One_Family,150000.0,895000.0,449686.90265486727,113
Bull's Head,STATEN ISLAND,Three_Family,696000.0,696000.0,696000.0,1
Bull's Head,STATEN ISLAND,Two_Family,172545.0,884859.0,597487.6363636364,66
Castleton Corners,STATEN ISLAND,One_Family,110000.0,945954.0,531550.119047619,84
Castleton Corners,STATEN ISLAND,Two_Family,275000.0,1150000.0,616000.0,23
Charleston,STATEN ISLAND,One_Family,400000.0,680000.0,562847.0476190476,21
Charleston,STATEN ISLAND,Two_Family,119500.0,643000.0,461500.0,3
Clifton,STATEN ISLAND,One_Family,255000.0,570000.0,413070.8,30
Clifton,STATEN ISLAND,Two_Family,410670.0,840056.0,612079.5,4
Concord,STATEN ISLAND,One_Family,170000.0,550000.0,351112.21428571426,56
Concord,STATEN ISLAND,Two_Family,160000.0,655000.0,407230.76923076925,13
Dongan Hills,STATEN ISLAND,Condo_Walkup,160000.0,280000.0,207000.0,5
Dongan Hills,STATEN ISLAND,Coop_Elevator,160000.0,230000.0,205000.0,3
Dongan Hills,STATEN ISLAND,One_Family,250000.0,1164000.0,614602.6578947369,38
Dongan Hills,STATEN ISLAND,Three_Family,742000.0,742000.0,742000.0,1
Dongan Hills,STATEN ISLAND,Two_Family,493000.0,987702.0,743439.2380952381,21
Eltingville,STATEN ISLAND,One_Family,168333.0,1185000.0,517844.7631578947,190
Eltingville,STATEN ISLAND,Two_Family,318000.0,931800.0,668223.6666666666,48
Emerson Hill,STATEN ISLAND,One_Family,580000.0,1350000.0,987367.5,12
Emerson Hill,STATEN ISLAND,Two_Family,120000.0,517000.0,318500.0,2
Freshkills Park,STATEN ISLAND,One_Family,328536.0,328536.0,328536.0,1
Grant City,STATEN ISLAND,Condo_Elevator,125000.0,345000.0,243584.55,40
Grant City,STATEN ISLAND,Coop_Walkup,142000.0,155900.0,149300.0,3
Grant City,STATEN ISLAND,One_Family,148000.0,880000.0,525150.7692307692,39
Grant City,STATEN ISLAND,Two_Family,475000.0,946972.0,723885.8333333334,24
Great Kills,STATEN ISLAND,Condo_Elevator,345000.0,439000.0,404857.14285714284,7
Great Kills,STATEN ISLAND,Condo_Walkup,169338.0,295000.0,228826.0,13
Great Kills,STATEN ISLAND,Coop_Walkup,170000.0,170000.0,170000.0,2
Great Kills,STATEN ISLAND,One_Family,105553.0,1200000.0,508936.8582474227,388
Great Kills,STATEN ISLAND,Three_Family,578671.0,578671.0,578671.0,1
Great Kills,STATEN ISLAND,Two_Family,200000.0,1050000.0,641037.9787234042,94
Grymes Hill,STATEN ISLAND,Condo_Elevator,170000.0,345000.0,269200.0,10
Grymes Hill,STATEN ISLAND,Coop_Walkup,128000.0,210000.0,167785.7142857143,14
Grymes Hill,STATEN ISLAND,One_Family,135000.0,1200000.0,683834.4137931034,29
Grymes Hill,STATEN ISLAND,Two_Family,298485.0,765000.0,498371.25,4
Huguenot,STATEN ISLAND,One_Family,239000.0,1700000.0,684982.4655172414,58
Huguenot,STATEN ISLAND,Two_Family,195000.0,1160805.0,815924.9743589744,39
Lighthouse Hill,STATEN ISLAND,One_Family,650000.0,1020800.0,803950.0,4
Mariners Harbor,STATEN ISLAND,One_Family,120000.0,800000.0,346028.7102803738,107
Mariners Harbor,STATEN ISLAND,Three_Family,300000.0,380000.0,340000.0,2
Mariners Harbor,STATEN ISLAND,Two_Family,225000.0,738117.0,416367.625,48
Midland Beach,STATEN ISLAND,One_Family,100700.0,689000.0,438637.3594771242,153
Midland Beach,STATEN ISLAND,Three_Family,247000.0,515828.0,381414.0,2
Midland Beach,STATEN ISLAND,Two_Family,106958.0,888000.0,649690.6538461539,26
New Brighton,STATEN ISLAND,Coop_Elevator,200000.0,347500.0,291933.3333333333,9
New Brighton,STATEN ISLAND,One_Family,180000.0,1150000.0,409625.5740740741,54
New Brighton,STATEN ISLAND,Three_Family,130000.0,730000.0,467500.0,10
New Brighton,STATEN ISLAND,Two_Family,160000.0,955000.0,470671.1612903226,62
New Dorp,STATEN ISLAND,Coop_Walkup,257000.0,288000.0,271333.3333333333,3
New Dorp,STATEN ISLAND,One_Family,262500.0,936696.0,546028.3974358974,78
New Dorp,STATEN ISLAND,Two_Family,170000.0,950000.0,616127.75,36
New Dorp Beach,STATEN ISLAND,One_Family,111300.0,618077.0,383392.6857142857,70
New Dorp Beach,STATEN ISLAND,Two_Family,200000.0,660000.0,506615.7272727273,11
New Springville,STATEN ISLAND,Condo_Elevator,120000.0,350000.0,267832.4324324324,37
New Springville,STATEN ISLAND,Condo_Walkup,120000.0,8500000.0,816278.5714285715,14
New Springville,STATEN ISLAND,One_Family,142000.0,753500.0,512213.875,104
New Springville,STATEN ISLAND,Three_Family,737000.0,737000.0,737000.0,1
New Springville,STATEN ISLAND,Two_Family,300000.0,1900000.0,705207.3859649122,57
Oakwood,STATEN ISLAND,One_Family,190000.0,970000.0,581370.7,30
Oakwood,STATEN ISLAND,Two_Family,107500.0,990000.0,607233.3333333334,6
Pleasant Plains,STATEN ISLAND,One_Family,310000.0,1670000.0,657320.0,24
Pleasant Plains,STATEN ISLAND,Two_Family,500000.0,1325000.0,878987.1428571428,14
Port Ivory,STATEN ISLAND,One_Family,150000.0,435000.0,292308.3181818182,22
Port Ivory,STATEN ISLAND,Two_Family,357000.0,565110.0,448174.28571428574,7
Port Richmond,STATEN ISLAND,One_Family,110000.0,578000.0,340880.21428571426,84
Port Richmond,STATEN ISLAND,Two_Family,107000.0,760000.0,396483.5714285714,70
Prince's Bay,STATEN ISLAND,One_Family,375000.0,1375000.0,690062.0163934426,61
Prince's Bay,STATEN ISLAND,Two_Family,150000.0,1140000.0,684520.7619047619,42
Richmondtown,STATEN ISLAND,One_Family,350000.0,1700000.0,785458.5769230769,52
Richmondtown,STATEN ISLAND,Two_Family,245000.0,720000.0,587600.0,5
Rosebank,STATEN ISLAND,Condo_Elevator,422000.0,780000.0,607400.0,5
Rosebank,STATEN ISLAND,Condo_Walkup,234000.0,325000.0,280687.5,8
Rosebank,STATEN ISLAND,Coop_Walkup,115000.0,342000.0,210650.0,10
Rosebank,STATEN ISLAND,One_Family,155000.0,970000.0,497191.4166666667,60
Rosebank,STATEN ISLAND,Three_Family,380250.0,950000.0,611093.4,5
Rosebank,STATEN ISLAND,Two_Family,190000.0,904206.0,593479.3448275862,29
Rossville,STATEN ISLAND,One_Family,245000.0,1055000.0,484657.07272727275,55
Rossville,STATEN ISLAND,Two_Family,520000.0,1370000.0,821866.1935483871,31
Shore Acres,STATEN ISLAND,Condo_Elevator,190000.0,280000.0,245333.33333333334,3
Shore Acres,STATEN ISLAND,Coop_Elevator,230000.0,382000.0,306000.0,2
Shore Acres,STATEN ISLAND,One_Family,150000.0,755000.0,506400.0,5
Shore Acres,STATEN ISLAND,Two_Family,250000.0,855000.0,568000.0,3
Silver Lake,STATEN ISLAND,Condo_Elevator,165000.0,290000.0,240270.0,5
Silver Lake,STATEN ISLAND,One_Family,354900.0,995000.0,615637.5,28
Silver Lake,STATEN ISLAND,Three_Family,699900.0,699900.0,699900.0,1
Silver Lake,STATEN ISLAND,Two_Family,300000.0,734000.0,567800.0,5
South Beach,STATEN ISLAND,One_Family,138800.0,940000.0,494392.462962963,108
South Beach,STATEN ISLAND,Two_Family,302232.0,900000.0,620853.925,40
St. George,STATEN ISLAND,Condo_Elevator,257500.0,950000.0,619700.0,15
St. George,STATEN ISLAND,Coop_Elevator,125000.0,700000.0,319500.0,8
Stapleton,STATEN ISLAND,One_Family,135000.0,595882.0,326632.0263157895,38
Stapleton,STATEN ISLAND,Three_Family,481650.0,499000.0,490325.0,2
Stapleton,STATEN ISLAND,Two_Family,150000.0,685000.0,363077.77777777775,9
Sunnyside,STATEN ISLAND,Condo_Elevator,299000.0,365000.0,326000.0,4
Sunnyside,STATEN ISLAND,One_Family,300000.0,1188000.0,589303.5714285715,21
Sunnyside,STATEN ISLAND,Two_Family,470000.0,885000.0,644625.0,8
Todt Hill,STATEN ISLAND,One_Family,750000.0,2600000.0,1344456.896551724,29
Tompkinsville,STATEN ISLAND,Condo_Elevator,185000.0,315500.0,245083.33333333334,6
Tompkinsville,STATEN ISLAND,One_Family,229000.0,1130000.0,563726.6666666666,15
Tompkinsville,STATEN ISLAND,Two_Family,250000.0,550000.0,366728.5714285714,7
Tottenville,STATEN ISLAND,One_Family,111300.0,1.19E7,710891.41,100
Tottenville,STATEN ISLAND,Two_Family,317000.0,1380000.0,791008.3265306122,49
West Brighton,STATEN ISLAND,Condo_Elevator,155000.0,220000.0,182333.33333333334,3
West Brighton,STATEN ISLAND,Coop_Walkup,127000.0,170000.0,150666.66666666666,3
West Brighton,STATEN ISLAND,One_Family,110000.0,915000.0,416968.81415929203,113
West Brighton,STATEN ISLAND,Three_Family,215000.0,785000.0,548750.0,4
West Brighton,STATEN ISLAND,Two_Family,115000.0,1500000.0,519218.6349206349,63
Westerleigh,STATEN ISLAND,One_Family,109000.0,999000.0,515509.7303370786,89
Westerleigh,STATEN ISLAND,Two_Family,199468.0,880000.0,661207.8181818182,44
Willowbrook,STATEN ISLAND,One_Family,253000.0,999999.0,581023.3378378379,74
Willowbrook,STATEN ISLAND,Two_Family,250000.0,995000.0,732188.8888888889,36
Woodrow,STATEN ISLAND,One_Family,162000.0,1300000.0,534716.0985915493,71
Woodrow,STATEN ISLAND,Two_Family,290500.0,1100000.0,677973.2058823529,34
